Observation_Time,Tile_Index,RA,Dec,tile_prob,tile_Mstar,tile_Mstar*tile_prob,Slew Angle (deg),Air_Mass,Lunar-tile,Lunar-tile separation (deg),Lunar separation (deg),Lunar_Illumination,Lunar_altitude
2023-11-15 02:12:14,108398,270.102599,28.000508,0.0008730103732035,8176484508807.604,7138155792.527507,0.0,1.588960385308821,41523,55.41663313161432,55.6985558442177,0.03391945068814989,-6.568040405696807
2023-11-15 02:13:04,120274,273.822059,39.112664,0.0025002326281599,6032209642691.777,15081927368.559343,0.529334632886347,1.415598722290188,41523,55.90683959417544,56.18699688149903,0.033942175020725995,-6.716573292028583
2023-11-15 02:13:54,122349,273.364275,41.229265,0.0015125946376805,4477488604755.672,6772625253.829053,0.5291493014982617,1.4190361070263755,41523,56.12129244536632,56.3996604454286,0.033964906996385935,-6.8652349938693975
2023-11-15 02:14:44,122348,272.660691,41.229265,0.0021362413187833,4477488604755.672,9564996161.86048,1.5009243774920324,1.4362273801034604,41523,56.05034596522007,56.32726065967076,0.03398764662479825,-7.014024795917529
2023-11-15 02:15:34,109599,273.939814,29.058809,0.0022442116991471,3598651035248.157,8076134754.451988,0.529150343261933,1.4990300188530774,41523,56.255377225132335,56.53057039032819,0.03401039389431948,-7.162941991729608
2023-11-15 02:16:24,114816,275.358058,33.821161,0.0008425277158816,3356569477065.337,2828002814.709969,0.5291494476535165,1.4321244593400944,41523,56.46540335962306,56.7386928341155,0.034033148812161795,-7.311985873805329
2023-11-15 02:17:14,111364,272.340348,30.64626,0.0058874909344084,3226212025504.26,18994294052.63594,0.529150343261933,1.5325166647219397,41523,56.68036922645421,56.951575541258315,0.03405591137854036,-7.461155739909999
2023-11-15 02:18:04,117042,273.65633,35.937762,0.0049271836335868,3104208211834.156,15295003896.595213,0.5291494476535165,1.462060231095879,41523,56.900217783695695,57.16916421133727,0.03407868158711669,-7.610450893006165
2023-11-15 02:18:54,107195,271.807211,26.942208,0.000842424680651,3074679963773.522,2590186286.5859704,3.1802845802994075,1.6016762209808644,41523,56.16004661866545,56.43016668032596,0.034101459443778626,-7.759870636527903
2023-11-15 02:19:44,110186,270.274002,29.587959,0.0014572638938661,3059978802935.033,4459196625.51305,0.5291502539859715,1.617723893563152,41523,56.354113197594245,56.6223712578085,0.03412424494822819,-7.909414278962522
2023-11-15 02:20:34,109594,270.91306,29.058809,0.0017174299053913,2989510946630.7134,5134275502.238274,0.5291493625245756,1.611964084557378,41523,56.553288733543134,56.81950283688668,0.03414703809637665,-8.059081133220992
2023-11-15 02:21:24,118129,270.134585,36.996063,0.0037033001145622,2960384361169.513,10963191743.867254,0.5291502539859715,1.5545139039391556,41523,56.757519790223306,57.02151059789635,0.034169838890145965,-8.208870514195793
2023-11-15 02:22:14,107803,274.046837,27.471358,0.0007709869468121,2956204251877.443,2279194890.308017,0.5291493625245756,1.5560135818593832,41523,56.96675098321977,57.22834182941304,0.03419264732724153,-8.358781741286501
2023-11-15 02:23:04,117586,270.785217,36.466913,0.0056570897226662,2851270138927.1543,16129890999.469994,0.5291502539859715,1.5532440047686031,41523,57.18092779070325,57.439944723559165,0.03421546341512771,-8.508814134857323
2023-11-15 02:23:54,118671,271.22666,37.525213,0.0063780490227427,2839186687077.7847,18108471874.90064,2.8242837471593933,1.5387570860358042,40912,57.070309345606844,56.86774927860875,0.03423828714251581,-8.658967023392377
2023-11-15 02:24:44,112523,270.405887,31.70456,0.0028420543698538,2820451453449.7065,8015876378.237354,0.5291494643227882,1.624009191192443,40912,57.259206635646876,57.057156512801036,0.0342611185147812,-8.809239734609704
2023-11-15 02:25:34,123860,271.812262,42.816716,0.0007524718441139,2818107686166.976,2120546687.5217888,0.5291494643227882,1.5006231467222844,40912,57.45320348754725,57.25151651380746,0.03428395753896257,-8.959631599170633
2023-11-15 02:26:24,114815,274.721125,33.821161,0.0018798525070025,2746044615521.1733,5162158854.828219,0.5291503515617714,1.5008802267618484,40912,57.652248434150636,57.450778966916445,0.0343068041982888,-9.110141957048704
2023-11-15 02:27:14,110778,271.95074,30.11711,0.0028553472188475,2541044579812.211,7255564573.93442,0.5291494643227882,1.61689353300693,40912,57.85628837553929,57.65489197279882,0.03432965850376024,-9.260770144616284
2023-11-15 02:28:04,123360,271.497149,42.287566,0.0008858451545026,2539525553418.7734,2249626406.2315784,0.5291494643227882,1.5239275852503253,40912,58.065270637698426,57.863804123395745,0.034352520458871716,-9.411515503437887
2023-11-15 02:28:54,116492,274.775267,35.408612,0.0017887023407179,2345938522005.3604,4196185725.491334,0.5291503515617714,1.5012795474688674,40912,58.279142063735854,58.07746358164677,0.034375390052335086,-9.562377382079335
2023-11-15 02:29:44,110782,274.397673,30.11711,0.0014090652041914,2338720173266.123,3295409218.489959,0.5291494643227882,1.5660925688869332,40912,58.497847954941314,58.29581700895844,0.03439826729159379,-9.713355127688294
2023-11-15 02:30:34,117587,271.4432,36.466913,0.0079604290323239,2324006227824.43,18500086647.27525,4.053360158135869,1.5844918909918637,40912,57.45360939381958,57.23928374716919,0.03442115217616548,-9.864448092667907
2023-11-15 02:31:24,113680,275.372374,32.762861,0.0008873374028016,2314519612484.7085,2053759821.6756585,0.529149232022619,1.5246215941671433,40912,57.63833675680271,57.42394915073813,0.034444044702204635,-10.015655633520522
2023-11-15 02:32:14,110191,273.316499,29.587959,0.0025439750274951,2259598560638.011,5748362310.427123,0.5291501149639821,1.6202846358051823,40912,57.82820334569119,57.613612240303056,0.03446694486791019,-10.166977109449943
2023-11-15 02:33:04,110781,273.78594,30.11711,0.0026700137854946,2252436387574.046,6014036205.772442,0.5291501149639821,1.606102682042616,40912,58.02315807786131,57.80822312798677,0.03448985268386778,-10.318411879739882
2023-11-15 02:33:54,110777,271.339007,30.11711,0.0036259883268925,2212686694170.625,8023176124.133117,0.529149232022619,1.6867646617696845,40912,58.22314916369169,58.007731275288435,0.034512768139072836,-10.469959312319249
2023-11-15 02:34:44,115375,273.453569,34.350312,0.0065113337734029,2210992588721.667,14396510715.687063,0.5291501149639821,1.579573121474788,40912,58.428125201666575,58.21208658692977,0.034535691235403065,-10.62161877503544
2023-11-15 02:35:34,114249,275.084641,33.292011,0.0007880606385418,2189311402034.8552,1725310141.4545112,0.529149232022619,1.5529553533092535,40912,58.63803287665646,58.421237095042706,0.03455862197925541,-10.773389637747455
2023-11-15 02:36:24,112522,269.783921,31.70456,0.0022244231352249,2110321987761.1404,4694249052.349738,0.5291501149639821,1.7358350540540841,40912,58.85281974980351,58.635131760925454,0.034581560360180785,-10.925271277704418
2023-11-15 02:37:14,117043,274.30988,35.937762,0.002611931813398,1996092267905.457,5213656897.020054,3.6040251974783435,1.5584969648446072,40912,57.995072983168875,57.77081285093541,0.03460450638536394,-11.077263070798004
2023-11-15 02:38:04,107797,270.468441,27.471358,0.0008363316803487,1987866325185.9485,1662515584.0514777,0.5291498522708209,1.7972729268011256,40912,58.18007250126398,57.955126356849775,0.03462746005195588,-11.229364398586432
2023-11-15 02:38:54,107196,272.400786,26.942208,0.0014292602061068,1980284539355.6997,2830341888.869804,0.5291498522708209,1.7431581437581387,40912,58.37020742989994,58.144439230361286,0.034650421364608164,-11.381574643792021
2023-11-15 02:39:44,110187,270.882502,29.587959,0.0020624847310206,1944078677641.5212,4009632588.538518,0.5291489737034931,1.7602208416193175,40912,58.565427078227515,58.33870206875543,0.03467339031275424,-11.533893196034729
2023-11-15 02:40:34,120800,274.519248,39.641814,0.0012869680013918,1937411658765.4973,2493386810.3546214,0.5291498522708209,1.5437611348893607,40912,58.76568106177181,58.537865823825264,0.0346963669044284,-11.68631944331333
2023-11-15 02:41:24,109004,274.465926,28.529659,0.0011565669347678,1932672285711.749,2235264861.3963194,0.5291498522708209,1.6696943560825503,40912,58.97091741236307,58.741879906627226,0.034719351137370125,-11.83885277921748
2023-11-15 02:42:14,115929,270.108163,34.879462,0.0034529523039854,1931097226267.4167,6667986616.659893,0.5291498522708209,1.7280877657903346,40912,59.18108392040644,58.95069352885934,0.03474234301320844,-11.991492599383559
2023-11-15 02:43:04,119213,274.263777,38.054363,0.0025025428787439,1894675009373.9863,4741505452.242934,0.5291498522708209,1.5781517131834968,40912,59.396127868189524,59.16425543348732,0.034765342526187515,-12.144238304293612
2023-11-15 02:43:54,122350,274.067859,41.229265,0.0008809195982072,1875830833662.2512,1652456144.2945998,4.207675114606252,1.5630460734153169,40912,58.32997796272735,58.09603370494486,0.03478834968353656,-12.29708929413065
2023-11-15 02:44:44,118127,268.809517,36.996063,0.0010727236625024,1789847564294.2292,1920011834.4907265,0.5291498238853466,1.7630025003233707,40912,58.50930927285933,58.27412371889858,0.034811364481514506,-12.450044974799118
2023-11-15 02:45:34,114812,272.810327,33.821161,0.0057859628865556,1784364585439.361,10324267267.436337,0.5291498238853466,1.6822831305211683,40912,58.693830127415964,58.45727170086211,0.0348343869144237,-12.603104755642352
2023-11-15 02:46:24,118128,269.472051,36.996063,0.0013750392381755,1767242161106.3062,2430027314.879278,0.5291489497654571,1.7547437235230559,40912,58.88349107178933,58.645429538140064,0.03485741699451084,-12.75626804434974
2023-11-15 02:47:14,122857,272.720246,41.758415,0.0012750313471412,1758676110544.2258,2242367170.412384,0.5291498238853466,1.6134383501506435,40912,59.07824286497001,58.838549375946364,0.0348804547092702,-12.909534257840788
2023-11-15 02:48:04,114805,268.351799,33.821161,0.000870994339625,1688426458207.983,1470609887.9723225,0.5291498238853466,1.861170754630668,40912,59.278034654264665,59.036581787817475,0.0349035000638252,-13.062902811408888
2023-11-15 02:48:54,109593,270.307709,29.058809,0.0015200613307219,1670939973343.747,2539931239.4373484,0.5291498238853466,1.8816053380933293,40912,59.48281527420281,59.239477072017145,0.03492655306170933,-13.216373123619613
2023-11-15 02:49:44,110774,269.503807,30.11711,0.0007813213942682,1649767686654.6418,1288998789.1556928,0.5291498238853466,1.9028081735112083,40912,59.69253299081413,59.447184993841205,0.03494961369935279,-13.369944617700998
2023-11-15 02:50:34,110783,275.009407,30.11711,0.0008740694364553,1646881764115.3833,1439489015.469006,0.5291498238853466,1.7031859844679633,40912,59.90713555416813,59.65965483455892,0.03497268197567921,-13.523616719072484
2023-11-15 02:51:24,119208,270.903778,38.054363,0.0049661084006937,1577633231094.8064,7834697642.153604,4.813660143158097,1.734743325287287,40912,58.64544377437946,58.40260843789676,0.0349957578873743,-13.677388856543875
2023-11-15 02:52:14,111363,271.725293,30.64626,0.0032133902902081,1552761158435.9265,4989627629.53038,0.5291493420160154,1.8273058847969659,40912,58.81827556525851,58.57356872072497,0.03501884144030348,-13.831260459392881
2023-11-15 02:53:04,105980,272.743006,25.883907,0.0008062616737917,1523974865502.473,1228722525.8766072,0.5291493420160154,1.8895178889481345,40912,58.996357381687645,58.749651958246744,0.03504193263357691,-13.985230961360502
2023-11-15 02:53:54,114247,273.818556,33.292011,0.0045819906800945,1521058163641.0286,6969474329.68492,0.5291502116113275,1.7242134202804262,40912,59.179641780479116,58.93081212533883,0.03506503146159062,-14.139299800216566
2023-11-15 02:54:44,108399,270.701901,28.000508,0.0010057022208417,1516903812814.3745,1525553533.3507683,0.5291493420160154,1.951637315608371,40912,59.368079612398915,59.117001533619785,0.03508813792985199,-14.293466413573789
2023-11-15 02:55:34,122858,273.429601,41.758415,0.0009202045869242,1507591344713.658,1387292470.6127784,0.5291502116113275,1.6500951930290937,40912,59.56162220620832,59.30817300296774,0.035111252040092356,-14.44773024278133
2023-11-15 02:56:24,114814,274.084193,33.821161,0.0037357278003928,1493595811134.8977,5579667394.206931,0.5291493420160154,1.72868520065022,40912,59.760218945623045,59.504277449226954,0.03513437378259193,-14.602090734808321
2023-11-15 02:57:14,118669,269.892251,37.525213,0.0028620161841406,1489783246766.083,4263783763.106197,0.5291493420160154,1.8272423739143324,40912,59.96381952820236,59.705266126301694,0.03515750316660504,-14.75654733447355
2023-11-15 02:58:04,121317,271.796094,40.170965,0.0033525136603893,1488760960354.45,4991091456.642724,0.5291502116113275,1.7331189138968162,40912,60.17237310092347,59.91108976668841,0.035180640184831635,-14.91109949350757
2023-11-15 02:58:54,109600,274.545165,29.058809,0.0011323609003589,1487586997667.195,1684485352.0406244,0.5291493420160154,1.8117436631338704,40912,60.3858272469832,60.121697568854046,0.03520378484572578,-15.065746662241816
2023-11-15 02:59:44,115937,275.268358,34.879462,0.000884475629798,1483324321079.436,1311964213.0815427,4.920868568548646,1.7028707383795234,40912,59.101179967106496,58.849379883189286,0.03522693713831926,-15.220488298666874
2023-11-15 03:00:34,111366,273.570456,30.64626,0.0028584616358482,1483267822715.4062,4239864166.9200807,0.5291494019554227,1.8367569329623121,40912,59.27169460653162,59.0172738373742,0.035250097069805475,-15.3753238587323
2023-11-15 03:01:24,114245,272.55247,33.292011,0.0087363036162202,1468536946419.345,12829584635.556314,0.5291494019554227,1.8369056579682979,40912,59.44748172306613,59.19031854317954,0.03527326464022962,-15.53025280281591
2023-11-15 03:02:14,115934,273.333285,34.879462,0.0049310378791421,1466611179082.0486,7231915278.026982,0.5291502669543848,1.7893769198208413,40912,59.6284946195803,59.36846884149029,0.0352964398455336,-15.685274594945609
2023-11-15 03:03:04,110189,272.099501,29.587959,0.0024918628546564,1453764220674.7566,3622581060.9280233,0.5291494019554227,1.9469863238881184,40912,59.814684885689374,59.55167790067345,0.035319622687095376,-15.840388700342533
2023-11-15 03:03:54,120268,269.7302,39.112664,0.0012972188933536,1445970899153.1416,1875740769.621021,0.5291494019554227,1.869815979689222,40913,59.82099833381878,59.739899026562476,0.03534281316682186,-15.995594586633699
2023-11-15 03:04:44,117592,274.733116,36.466913,0.0015874304797813,1443258372858.8325,2291072331.2757664,0.5291494019554227,1.7396924731705057,40913,60.012488298807796,59.93308454989743,0.03536601127925182,-16.150891725896543
2023-11-15 03:05:34,119207,270.231778,38.054363,0.0029706838302769,1440638083247.5242,4279680259.184608,0.5291502669543848,1.8845372369857865,40913,60.20905670467227,60.131186494221716,0.03538921702921405,-16.30627959007365
2023-11-15 03:06:24,123361,272.212432,42.287566,0.0009973697448213,1435328193928.2463,1431552914.5130649,0.5291494019554227,1.7602471248102738,40913,60.4106529264101,60.3341553138854,0.03541243041703229,-16.46175765480561
2023-11-15 03:07:14,121315,270.411107,40.170965,0.0016384552198404,1429783480546.4614,2342636206.9429774,0.5291494019554227,1.858421598303976,40913,60.61722669191674,60.54194190017703,0.03543565144058658,-16.617325398803434
2023-11-15 03:08:04,112528,273.515722,31.70456,0.0029708620140575,1427622131692.058,4241268361.471808,0.5291502669543848,1.8950535215951525,40913,60.82872720623291,60.75449668717978,0.03545888009542253,-16.77298230390136
2023-11-15 03:08:54,117585,270.127234,36.466913,0.0041536986445876,1397160326631.3809,5803382955.000354,4.983101340978864,1.9527832247549166,40913,59.54421438331975,59.442584161582005,0.03548211639138654,-16.92872785068205
2023-11-15 03:09:44,121836,273.306149,40.700115,0.0018656995482947,1387756412356.743,2589136511.677113,0.5291500704561641,1.7718219301244365,40913,59.71197927061647,59.61196538492825,0.035505360316581025,-17.084561527808965
2023-11-15 03:10:34,117590,273.41715,36.466913,0.0067443835002993,1380725302165.203,9312140946.36878,0.5291492101289076,1.837390809902,40913,59.885043218828635,59.786486121671324,0.0355286118802835,-17.240482820873055
2023-11-15 03:11:24,109003,273.86364,28.529659,0.0014109842075203,1354252249059.344,1910828536.4216063,0.5291500704561641,1.9865905307529532,40913,60.063360602713196,59.966101630596825,0.03555187107713026,-17.396491221670736
2023-11-15 03:12:14,119738,269.258015,38.583514,0.0010390674352474,1325335450258.2134,1377112907.14238,0.5291492101289076,1.9834797072095687,40913,60.24688380608134,60.15076523794504,0.0355751379099723,-17.552586222268648
2023-11-15 03:13:04,122856,272.01089,41.758415,0.0013913151848173,1303997684784.503,1814271779.8073316,0.5291500704561641,1.8294412274445573,40913,60.435565593985395,60.34043073971495,0.03559841237327255,-17.708767319297145
2023-11-15 03:13:54,115931,271.398212,34.879462,0.0077272026114574,1289079310761.89,9960977016.495018,0.5291492101289076,1.9852247263936162,40913,60.62935677887328,60.53505003225999,0.035621694474898824,-17.865034008260437
2023-11-15 03:14:44,118672,271.893865,37.525213,0.0091828325137167,1258400132691.7192,11555677653.747038,0.5291492101289076,1.9193911633593344,40913,60.82820839946947,60.734575316677514,0.03564498420822465,-18.021385790751737
2023-11-15 03:15:34,121832,270.514289,40.700115,0.0013703356475091,1228689435841.5068,1683716933.6515355,0.5291500704561641,1.925411238310203,40913,61.032070889434166,60.93895825059452,0.03566828157728863,-18.17782216795797
2023-11-15 03:16:24,115377,274.73542,34.350312,0.0012917525195805,1204676841392.7356,1556144345.1493652,0.5291492101289076,1.87988492957974,40913,61.240893097319756,61.14814895711675,0.035691586578041945,-18.334342645452924
2023-11-15 03:17:14,120796,271.770586,39.641814,0.0050694605536003,1200014459643.7312,6083425966.91398,5.10705386764485,1.9110059193803617,40913,59.945688663025514,59.83274137904561,0.03571489921384646,-18.490946729202726
2023-11-15 03:18:04,120269,270.412177,39.112664,0.002537475788585,1158675215003.8403,2940110304.9057894,0.5291496202587337,1.985954126059439,40913,60.109282758536466,59.99723405677262,0.03573821948126499,-18.647633929209473
2023-11-15 03:18:54,117041,273.00278,35.937762,0.0058549374783634,1144366728107.4895,6700195645.388716,0.5291496202587337,1.9474631839069805,40913,60.27821547183407,60.16691145196729,0.035761547379507375,-18.804403757055706
2023-11-15 03:19:44,112529,274.137688,31.70456,0.0028762220017782,1131701854056.5342,3255025772.0906887,0.5291496202587337,1.997539598534985,40913,60.45244165602005,60.34172938219323,0.03578488291432014,-18.9612557248803
2023-11-15 03:20:34,119214,274.935777,38.054363,0.0010281220108633,1101378553359.3438,1132351533.0015385,0.5291496202587337,1.848326621305102,40913,60.63191527496423,60.521642845788286,0.03580822607977319,-19.118189350072683
2023-11-15 03:21:24,117044,274.963431,35.937762,0.0011645468796879,1069494903011.0676,1245476952.1436744,0.5291496202587337,1.8919078770793984,40913,60.81658945589039,60.70660607030816,0.03583157687781724,-19.275204150217853
2023-11-15 03:22:14,120795,271.08342,39.641814,0.0039904512892454,1040176292699.865,4150772828.246758,0.5291496202587337,1.991257992504745,40913,61.00641654177213,60.89657256246261,0.035854935310215275,-19.432299645118388
2023-11-15 03:23:04,121835,272.608184,40.700115,0.0025269280962711,992973683743.9088,2509173100.3103404,0.5291496202587337,1.9168862512686036,40913,61.20134814342636,61.0914951578008,0.035878301372213595,-19.58947535849373
2023-11-15 03:23:54,116490,273.476803,35.408612,0.0068540232611138,959453569182.8405,6576117081.137921,0.5291496202587337,1.9929852471661655,40913,61.401335191198584,61.29132606825547,0.03590167506657477,-19.746730814244632
2023-11-15 03:24:44,118133,272.784719,36.996063,0.0089197423803695,947179982763.3997,8448601434.092401,0.5291496202587337,1.9993006453120759,40913,61.60632798613855,61.4960169312333,0.03592505639224863,-19.904065539447213
2023-11-15 03:25:34,119743,272.642627,38.583514,0.0056655613177156,897834985473.3197,5086739163.389431,4.538377558771962,1.9814758592515649,40913,60.52320739296908,60.401665496833445,0.03594844535143543,-20.061479062440352
2023-11-15 03:26:24,122347,271.957107,41.229265,0.0023828506303402,869737882848.0603,2072455462.3753216,0.5291497029300515,1.9670407639818002,40913,60.68843464079366,60.56699556742589,0.03597184194005154,-20.21897091535403
2023-11-15 03:27:14,122855,271.301535,41.758415,0.0011664810815653,810793718839.3579,945775534.0781304,0.5291488521639138,1.992816238938687,40913,60.85899177752223,60.737507498202206,0.03599524616172528,-20.376540630384945
2023-11-15 03:28:04,123362,272.927715,42.287566,0.0008587832720739,794667814015.8584,682447425.5324063,0.5291497029300515,1.925587560953676,40913,61.03483425013152,60.913157855878886,0.0360186580122705,-20.53418774388468
2023-11-15 03:28:54,120798,273.144917,39.641814,0.0039540514287168,769151837117.2373,3041265920.4535694,0.5291497029300515,1.9744240974690481,40913,61.21591581407399,61.09390157172087,0.03604207749542726,-20.691911792191195
2023-11-15 03:29:44,120273,273.140083,39.112664,0.0040186088955484,768481419448.7773,3088226268.260586,0.5291497029300515,1.9943652994098977,40913,61.402189673530124,61.27969308641104,0.03606550460523872,-20.849712316249683
2023-11-15 03:30:34,118676,274.562683,37.525213,0.0013608712535107,621035003591.6476,845148683.811801,0.5291497029300515,1.974094896053088,40913,61.593608263102404,61.470486125525966,0.0360889393493975,-21.00758885548346
2023-11-15 03:31:24,120275,274.504035,39.112664,0.0016561726138003,588295985536.7379,974319700.0546054,0.5291497029300515,1.953879210202871,40913,61.79012329914615,61.66623374986737,0.03611238172377673,-21.16554095442402
2023-11-15 03:32:14,121837,274.004114,40.700115,0.0011193778110845,496517357751.0329,555790513.0848229,0.5291488521639138,1.9529481936442181,40913,61.99168550258024,61.866888073674325,0.03613583172414292,-21.323568159642377
2023-11-15 03:33:04,120276,275.186012,39.112664,0.0007450278881638,461763662237.42377,344026806.10754114,0.5291497029300515,1.9428810519648578,40913,62.198245953707506,62.07240161888169,0.03615928935775825,-21.481670016717096
2023-11-15 03:33:54,121320,273.873574,40.170965,0.0014757693046114,290153732579.1977,428199972.1588231,5.026518288898767,1.9861623921222318,40913,60.95114428539907,60.820608464348155,0.03618275462131143,-21.639846075980415
2023-11-15 03:34:44,123861,272.533636,42.816716,0.0007432372859372,258867392644.0877,192399898.32643616,0.5291493192943897,1.998990505698297,40913,61.11304260921815,60.98188528699792,0.036206227512387,-21.798095889456103
2023-11-15 03:35:34,118677,275.229888,37.525213,0.0010285385847228,211702764405.16333,217744461.68320015,0.5291493192943897,1.9999322648413491,40913,61.28030489162016,61.14838315404889,0.03622970803265535,-21.956419010097544
2023-11-16 02:12:14,111362,271.110239,30.64626,0.0031816126734735,1293556543215.205,4115595891.7481375,0.5291493192943897,1.5573152094404716,39122,60.496656960994876,60.396578397539045,0.08438539122484423,2.3371143978564834
2023-11-16 02:13:04,114244,271.919427,33.292011,0.0059832112963505,1262033707812.9673,7551014336.961685,0.5291501651701023,1.516064168420939,39122,60.54458587876674,60.442989452308026,0.08442092478707242,2.203099183005559
2023-11-16 02:13:54,105981,273.331159,25.883907,0.0007768909781841,1240268999967.097,963553796.595875,0.5291493192943897,1.565258438296892,39122,60.598316209802306,60.49504890405414,0.0844564654468547,2.068889165621286
2023-11-16 02:14:44,108997,270.249925,28.529659,0.0011517924546257,1228009782280.6816,1414412401.4374788,0.5291493192943897,1.624361921892929,39122,60.657832475137475,60.55274210005593,0.08449201319817451,1.9344853410702352
2023-11-16 02:15:34,109596,272.123761,29.058809,0.0030937805971474,1207440776778.5254,3735556847.402105,0.5291493192943897,1.570492017143725,39122,60.723117513295485,60.616052786134375,0.08452756804783701,1.7998887022688068
2023-11-16 02:16:24,110775,270.11554,30.11711,0.0017804023547284,1201364663337.3416,2138912475.493352,0.5291493192943897,1.620011776956896,39122,60.79415257643476,60.68496319965336,0.08456312998527543,1.6651002347349217
2023-11-16 02:17:14,114810,271.536462,33.821161,0.0102928530172923,1187768733026.696,12225528987.579391,0.5291501651701023,1.5463793119201525,39122,60.87091748385738,60.75945421726571,0.08459869901565908,1.5301209220113887
2023-11-16 02:18:04,110190,272.708,29.587959,0.0030219855111913,1172772825855.7598,3544102487.655061,4.598634851103065,1.5654790184803253,39122,60.92586131375445,60.83061408940515,0.08463427514077909,1.3949517425675868
2023-11-16 02:18:54,111942,269.497827,31.17541,0.0010148934380737,1159427826155.9226,1176695692.6857152,0.5291491191817629,1.643389604237017,39122,60.95814930027802,60.861004170640314,0.08466985835249746,1.2595936687214604
2023-11-16 02:19:44,120793,269.70909,39.641814,0.0012500379387807,1133146960306.5393,1416476690.5972214,0.5291499600951084,1.5576214457073292,39122,60.99627667895763,60.89708025985194,0.08470544866313295,1.1240476716735108
2023-11-16 02:20:34,114246,273.185513,33.292011,0.0069346825759591,1102278085183.0542,7643948631.180584,0.5291491191817629,1.5309939576196299,39122,61.04023228628006,60.93883202525801,0.0847410460616203,0.9883147142594186
2023-11-16 02:21:24,106588,271.766447,26.413058,0.0008459446401544,1099409932941.212,930039940.1042066,0.5291491191817629,1.6589987246482478,39122,61.090003482013195,60.98624772912549,0.08477665054571981,0.8523957562991131
2023-11-16 02:22:14,114806,268.988731,33.821161,0.001551637617312,1091405783010.9176,1693466268.671662,0.5291499600951084,1.6506642053258906,39122,61.145576027037336,61.039314113169354,0.08481226212453791,0.7162917550420121
2023-11-16 02:23:04,111359,269.265075,30.64626,0.0007845213013024,1089188996514.3876,854491968.9098021,0.5291491191817629,1.6903491751920285,39122,61.20693379705046,61.09801612252383,0.08484788079043609,0.5800036605133616
2023-11-16 02:23:54,112524,271.027854,31.70456,0.0033032796673641,1086862176199.0516,3590209727.8654647,0.5291499600951084,1.6285038206001108,39122,61.27405944613106,61.16233754078482,0.0848835065498561,0.44353242063818554
2023-11-16 02:24:44,115374,272.812643,34.350312,0.0075821486736868,1081547396054.6,8200453154.524816,0.5291491191817629,1.5566682377788907,39122,61.34693365126223,61.232260263225264,0.08491913939309431,0.3068789762252455
2023-11-16 02:25:34,117036,269.735028,35.937762,0.0025776009962605,1074652052339.2052,2770024200.742942,0.5291499600951084,1.6291032252530935,39122,61.42553599205423,61.30776514248466,0.08495477932665124,0.17004426640554812
2023-11-16 02:26:24,108998,270.852211,28.529659,0.0013506251810569,1005500806367.012,1358054708.6524024,0.5291491191817629,1.6970020214918233,39123,61.429355293705385,61.38883112063255,0.0849904263479615,0.033029224381800316
2023-11-16 02:27:14,115932,272.043236,34.879462,0.0106147595039376,1001878760337.046,10634702093.080942,5.045088585925131,1.588032402923646,39123,61.441330439698554,61.37434087308787,0.08502608045619942,-0.1041652207166655
2023-11-16 02:28:04,109595,271.51841,29.058809,0.0026855882639471,970624235522.227,2606697055.6212134,0.5291496444922278,1.6809770922148204,39123,61.47076986929387,61.40649787007485,0.08506174164548541,-0.2415381449670976
2023-11-16 02:28:54,113672,270.338347,32.762861,0.002721276486191,968139616138.4214,2634575572.74747,0.529149644491539,1.6736968263888516,39123,61.506058960042964,61.44434349064116,0.08509740992908449,-0.37908862559648937
2023-11-16 02:29:44,113678,274.113867,32.762861,0.0033497616504604,966758914654.791,3238411937.5513525,0.5291496444922278,1.5712115773087387,39123,61.54718755229907,61.48786710324095,0.08513308529050895,-0.5168157491572715
2023-11-16 02:30:34,117039,271.695679,35.937762,0.0121263745870037,953902971435.7366,11567384751.28566,0.5291488086120235,1.609356277734536,39123,61.59414375574486,61.53705643433119,0.08516876774219917,-0.654718601642771
2023-11-16 02:31:24,107800,272.257639,27.471358,0.0011589259861063,952123287756.4028,1103440420.1579032,0.5291496444922278,1.7083875691022128,39123,61.646914271978865,61.59189790688506,0.08520445728118858,-0.7927962759520756
2023-11-16 02:32:14,114813,273.44726,33.821161,0.0064834845714496,938635289282.2424,6085627416.2796335,0.529149644491539,1.5948846510535861,39123,61.70548396832106,61.65237619138531,0.0852401538938165,-0.931047871070544
2023-11-16 02:33:04,110188,271.491001,29.587959,0.003694673981714,920098185907.245,3399462828.093764,0.5291496444922278,1.715220402541262,39123,61.76983618637815,61.71847452791541,0.08527585760356354,-1.0694724840030545
2023-11-16 02:33:54,109002,273.261354,28.529659,0.0023113377223956,904477094178.2466,2090552026.8169425,0.5291488086120235,1.6796566216293958,39123,61.83995258029767,61.7901745591853,0.08531156838896503,-1.2080692235868613
2023-11-16 02:34:44,110773,268.892074,30.11711,0.0007464983311124,900850870240.2092,672483671.215484,0.5291496444922278,1.8150771422480816,39123,61.91581359407167,61.86745681776778,0.08534728626199412,-1.3468371972670896
2023-11-16 02:35:34,115933,272.688261,34.879462,0.0081632122861565,892101249405.78,7282411879.64484,5.634616561288445,1.6279043950666763,39123,61.934688487193604,61.865933241838455,0.08538301120970815,-1.4857755209018135
2023-11-16 02:36:24,107804,274.643236,27.471358,0.0008921858083987,889451030455.5646,793555586.6380765,0.5291488581632329,1.6710957486881142,39123,61.95446159300392,61.88771942650573,0.0854187432421532,-1.6248833106991976
2023-11-16 02:37:14,108402,272.499809,28.000508,0.0014257114569187,888975157093.0566,1267422066.3837304,0.5291496889374023,1.7418514274924186,39123,61.9801043104298,61.91521640989765,0.08545448236077474,-1.7641596885218083
2023-11-16 02:38:04,118668,269.225046,37.525213,0.0013495168038267,884528314868.6365,1193685824.3757534,0.5291496889374023,1.7198541016552016,39123,62.01160925668786,61.94841645515311,0.08549022855546412,-1.9036037823455063
2023-11-16 02:38:54,109592,269.702358,29.058809,0.0010116103241044,865387993474.3821,875435428.5547503,0.5291488581632329,1.844011177614523,39123,62.04896734702336,61.98731021357533,0.08552598183346682,-2.0432147213928147
2023-11-16 02:39:44,118673,272.561069,37.525213,0.0087010735175388,861877605155.456,7499260405.577963,0.5291496889374023,1.632757545752537,39123,62.09216802480685,62.03188696189376,0.08556174219346097,-2.182991640467608
2023-11-16 02:40:34,107193,270.620062,26.942208,0.000741738683693,857582961162.7859,636102456.7704337,0.5291496889374023,1.8659530420613355,39123,62.14119892458749,62.08213425067461,0.08559750962592577,-2.3229336799388682
2023-11-16 02:41:24,119740,270.61186,38.583514,0.0041702075864655,854107954072.6174,3561807469.734195,0.5291488581632329,1.6900658185424389,39123,62.19604602408746,62.13803806305903,0.08563328413967697,-2.4630399811300334
2023-11-16 02:42:14,111949,273.827082,31.17541,0.0031354243150502,845377389479.5004,2650616822.367726,0.5291496889374023,1.6905026240161563,39123,62.25669396311648,62.199583139426004,0.08566906573746091,-2.6033096905349686
2023-11-16 02:43:04,113104,273.245571,32.233711,0.0057625699775826,844825967325.9045,4868368755.594475,0.5291496889374023,1.701198204496299,39123,62.323125548365915,62.26675246928666,0.08570485440777864,-2.7437419611432095
2023-11-16 02:43:54,112530,274.759655,31.70456,0.0014964500956487,840553900388.5659,1257846964.6344051,0.5291488581632329,1.6669722857984977,39123,62.395321994421245,62.33952753719285,0.08574065015886995,-2.8843359466629064
2023-11-16 02:44:44,113674,271.596853,32.762861,0.0063508682303766,801853827438.8652,5092467998.087417,0.5291496889374023,1.763285426951207,39123,62.47326333017228,62.41788873364499,0.08577645298429665,-3.025090807353593
2023-11-16 02:45:34,107194,271.213637,26.942208,0.000848289619494,800980475299.0825,679463422.6136619,5.318481387506072,1.8939555254021299,39123,62.48236770992071,62.417681119694386,0.08581226288902694,-3.1660057055551274
2023-11-16 02:46:24,107802,273.450437,27.471358,0.0015205832914712,785648886774.3185,1194644570.1919904,0.5291496385514642,1.8006785099700247,39123,62.50770610722316,62.44397263430903,0.08584807987029819,-3.307079808985622
2023-11-16 02:47:14,111360,269.88013,30.64626,0.0020965115223869,782767980287.2427,1641082090.0277288,0.5291488129520594,1.8912136882404704,39123,62.538915344851084,62.47597722473384,0.08588390392448098,-3.4483122894837503
2023-11-16 02:48:04,110780,273.174207,30.11711,0.0031338732636123,767330667068.3112,2404717061.875232,0.5291496385500868,1.7796186744611755,39123,62.57598663972942,62.51368609552818,0.08591973505918687,-3.589702320966615
2023-11-16 02:48:54,115376,274.094494,34.350312,0.0031827513971996,766014882644.4282,2438034938.012306,0.5291496385514642,1.6922140479328185,39123,62.618909422168606,62.55708874899254,0.08595557326126263,-3.7312490848877062
2023-11-16 02:49:44,117584,269.46925,36.466913,0.001860475734598,757379405733.2281,1409086006.2509382,0.5291488129520594,1.8268064908257635,39123,62.66767145555294,62.606173107309004,0.08599141854279091,-3.872951762336379
2023-11-16 02:50:34,106591,273.538927,26.413058,0.0008949892432774,742677396212.2819,664688280.8353211,0.5291496385500868,1.8596501202778097,39123,62.72225912255261,62.66092580069641,0.086027270898128,-4.014809541364999
2023-11-16 02:51:24,117038,271.042129,35.937762,0.0069533587712574,742369636862.3319,5161962425.991886,0.5291496385514642,1.793164910400013,39123,62.78265698764394,62.72133172403056,0.08606313032917096,-4.156821612673399
2023-11-16 02:52:14,116485,270.230645,35.408612,0.004881326580849,739570506244.1707,3610085170.541653,0.5291488129520594,1.8391924915929898,39123,62.848848005684424,62.78737424770632,0.0860989968263372,-4.298987172863785
2023-11-16 02:53:04,113100,270.743322,32.233711,0.0054898907730314,734892319349.6233,4034478563.169158,0.5291496385500868,1.8846914181244185,39123,62.920813895669106,62.859035589753496,0.08613487040578488,-4.441305417952924
2023-11-16 02:53:54,112525,271.649821,31.70456,0.0061469197782823,723523806179.8467,4447442794.26504,4.897803760971809,1.866302605970388,39123,63.006053602800456,62.94341792160843,0.08617075104685779,-4.583775554219717
2023-11-16 02:54:44,108405,274.297717,28.000508,0.0009388955686462,703509323218.9534,660521786.0715845,0.5291489831109193,1.839232332670465,39123,63.029931335102305,62.967452150378996,0.08620663876223422,-4.726396786038795
2023-11-16 02:55:34,108400,271.301204,28.000508,0.0019017733263056,697020283663.1497,1325574583.364598,0.5291498034642801,1.9794423150438198,39123,63.05969156156972,62.99721234335527,0.08624253355386513,-4.86916832347322
2023-11-16 02:56:24,121833,271.212254,40.700115,0.0021682207960399,688881202410.473,1493646549.0673614,0.5291489831109193,1.7633192712497334,39123,63.095325769071806,63.03269018076722,0.08627843541098784,-5.012089382632952
2023-11-16 02:57:14,117583,268.811267,36.466913,0.0010943697319838,688685724222.118,753676811.438051,0.5291498034642801,1.926478352832828,39123,63.13682400592061,63.07387598824834,0.08631434434058755,-5.155159180345226
2023-11-16 02:58:04,111943,270.116292,31.17541,0.002030042925023,674882517534.0215,1370040479.9417129,0.5291489831109193,1.9900941030030608,39123,63.18417445394361,63.12075831093295,0.08635026033985976,-5.298376938940267
2023-11-16 02:58:54,118675,273.895479,37.525213,0.0032428334042024,666333561438.3364,2160808731.373401,0.5291498034642801,1.7374370096102123,39123,63.237363959234784,63.173324439944594,0.08638618340604759,-5.441741884512836
2023-11-16 02:59:44,108404,273.698414,28.000508,0.0013422034214025,646510805977.6145,867749015.7568808,0.5291489831109193,1.9173096433390169,39123,63.29637746326796,63.23155984629743,0.08642211354573293,-5.585253245315742
2023-11-16 03:00:34,116491,274.126035,35.408612,0.0038406280758682,643870065553.9419,2472865450.9776115,0.5291498034642801,1.773349202197286,39123,63.36119868284676,63.29544885521774,0.08645805074909252,-5.728910256171482
2023-11-16 03:01:24,109597,272.729112,29.058809,0.0035957201022868,634029455661.6531,2279792459.1645865,0.5291489831109193,1.9561178568304982,39123,63.43180940068487,63.36497394053304,0.08649399501982508,-5.872712153300079
2023-11-16 03:02:14,117588,272.101183,36.466913,0.0070953979099592,632354906459.6963,4486809681.646574,0.5291489831109193,1.8454522320587305,39123,63.508190170681466,63.440116422823905,0.08652994636599515,-6.0166581758422435
2023-11-16 03:03:04,111945,271.353222,31.17541,0.0056637569097596,624602351895.3566,3537595886.399451,5.2071740980841215,1.9907990248922882,39123,63.53854331303517,63.47835460162811,0.08656590476802178,-6.160747571506505
2023-11-16 03:03:54,110779,272.562473,30.11711,0.0042642346464016,622472840395.4691,2654370252.4583864,0.5291495638142426,1.9684733936867767,39123,63.56336556245187,63.502432306310375,0.08660187023934063,-6.304979585883014
2023-11-16 03:04:44,120797,272.457751,39.641814,0.0041758424721017,621899789204.6713,2596955553.152,0.5291495638142426,1.8059456153696205,39123,63.59408004638142,63.53224696044411,0.08663784278178299,-6.449353470252839
2023-11-16 03:05:34,117589,272.759167,36.466913,0.0078460664349273,615768073904.7238,4831357216.363737,0.5291495638156202,1.8521697504227812,39123,63.63067812614474,63.56779036937468,0.0866738223841807,-6.593868481814849
2023-11-16 03:06:24,111948,273.208617,31.17541,0.0046867551648142,610403003190.1194,2860809427.8194118,0.5291487487779332,1.9439447641038452,39123,63.673149459982355,63.60905271973488,0.0867098090544981,-6.738523878066888
2023-11-16 03:07:14,116488,272.17834,35.408612,0.0072036030090082,607619825841.2201,4377052005.762872,0.5291495638142426,1.910917674933132,39123,63.721482287924125,63.65602285647534,0.08674580279164801,-6.883318921692987
2023-11-16 03:08:04,118135,274.109786,36.996063,0.003411501800372,603603688519.4021,2059195070.0951345,0.5291495638142426,1.8165810094875374,39123,63.77566305556233,63.708687916081,0.086781803587541,-7.028252880191707
2023-11-16 03:08:54,115935,273.97831,34.879462,0.0038143116686773,565494619141.4639,2156972724.365545,0.5291487487779332,1.8648372943088136,39123,63.83567658819244,63.76703349406725,0.0868178114466468,-7.173325022458753
2023-11-16 03:09:44,118134,273.447253,36.996063,0.0061451294634174,561219920452.2,3448769068.627591,0.5291495638142426,1.8567990018113008,39123,63.901506429125725,63.83104397514349,0.08685382637468397,-7.318534620731792
2023-11-16 03:10:34,116487,271.529108,35.408612,0.0083130414252695,557110885871.6199,4631285872.719406,0.5291495638142426,1.9746930727079104,39123,63.97313430747878,63.900702012500595,0.08688984835998642,-7.463880953821128
2023-11-16 03:11:24,119742,271.965705,38.583514,0.0073929474524953,548684910370.3882,4056398710.345419,4.654870905445522,1.903223513231841,39123,64.072371501087,64.01414336197364,0.08692587740966506,-7.609363300809633
2023-11-16 03:12:14,113106,274.496696,32.233711,0.0020998087014866,546623850851.4134,1147805518.4579508,0.5291490393212854,1.9290342946748253,39123,64.09845045204867,64.03866158639651,0.0869619135236861,-7.754980945513424
2023-11-16 03:13:04,114248,274.451598,33.292011,0.0020647172294812,539547487900.99536,1114012994.3925164,0.5291498489715459,1.9182952562528652,39123,64.13043241304423,64.06892877490007,0.08699795669338778,-7.900733176776503
2023-11-16 03:13:54,111368,274.800565,30.64626,0.0014164516549088,523090563135.567,740932493.8206005,0.5291490393212854,1.9686778551068016,39123,64.16830834282942,64.10493656267738,0.08703400692651064,-8.046619284048631
2023-11-16 03:14:44,119209,271.575778,38.054363,0.0051994466444362,508339159998.5763,2643082339.690144,0.5291490393212854,1.9636834858026124,39123,64.21206771719918,64.14667517454075,0.08707006421725555,-8.192638562616304
2023-11-16 03:15:34,120270,271.094153,39.112664,0.0040800747592468,502538495483.8366,2050394630.97351,0.5291498489715459,1.9720480477806255,39123,64.26169843714005,64.19413333900414,0.08710612857328437,-8.338790308834762
2023-11-16 03:16:24,121319,273.181081,40.170965,0.0024374710544166,474388186908.9872,1156307474.1478343,0.5291490393212854,1.8774534173455544,39123,64.3171865770868,64.2472980455407,0.08714219998277989,-8.485073825937231
2023-11-16 03:17:14,121316,271.1036,40.170965,0.0026482779473011,449220554754.51874,1189660888.6307724,0.5291490393212854,1.9684375050755376,39123,64.37851685925726,64.30615499775803,0.08717827845392667,-8.631488417041025
2023-11-16 03:18:04,121834,271.910219,40.700115,0.0026725412425067,404285368500.9995,1080469321.060972,0.5291490393212854,1.9339699995722062,39123,64.44567237953606,64.37068835049841,0.0872143639832414,-8.778033390718111
2023-11-16 03:18:54,121318,272.488587,40.170965,0.0032448272986222,386997823486.0942,1255741102.1550786,0.5291498489715459,1.9287507879689099,39123,64.51863481763746,64.44088091112839,0.08725045657024405,-8.924708058392511
2023-11-16 03:19:44,119744,273.31955,38.583514,0.0049798604988302,350252425363.4985,1744208217.6871738,4.991651519655786,1.9328004796338911,39123,64.59206423603253,64.53714755300484,0.08728655621468923,-9.071511734806744
2023-11-16 03:20:34,117593,275.3911,36.466913,0.0008491131444,283894910928.6455,241058900.49779305,0.5291490481997235,1.8962404360465346,39123,64.61561579326657,64.55837608798434,0.08732266291356117,-9.218443738559834
2023-11-16 03:21:24,119212,273.591777,38.054363,0.0037970328134171,277212367496.7987,1052584455.6703966,0.5291498523954907,1.948961756183579,39123,64.64508751690032,64.58537151467489,0.08735877667406744,-9.36550338975449
2023-11-16 03:22:14,122346,271.253523,41.229265,0.002037433158533,266605051201.58563,543189971.5505099,0.5291490481997235,1.9940817914038413,39124,64.64797826864964,64.61812640145531,0.08739489748202173,-9.512690015600603
2023-11-16 03:23:04,119211,272.919777,38.054363,0.0058108591261326,263383288169.7653,1530483183.7321043,0.5291490481997235,1.996043430001888,39124,64.68388418985501,64.65663188690701,0.0874310253514643,-9.660002941620178
2023-11-16 03:23:54,117591,274.075133,36.466913,0.0038048412934939,261567708690.65027,995223619.0707932,0.5291490481997235,1.9875449382081103,39124,64.72569124009318,64.70087753799109,0.0874671602750276,-9.807441500390164
2023-11-16 03:24:44,119745,273.996472,38.583514,0.0025382509635945,247665681438.97595,628637654.5617876,0.5291498523954907,1.9567383971811978,39124,64.77338790745785,64.75085148037924,0.08750330225629749,-9.955005025849614
2023-11-16 03:25:34,118136,274.77232,36.996063,0.0015872068089665,174945971492.50772,277675437.154169,0.5291490481997235,1.9641876029846943,39124,64.82696086181737,64.8065401008599,0.0875394512862126,-10.10269285739129
2023-11-16 03:26:24,120799,273.832082,39.641814,0.0024721804678647,91003908292.7732,224978084.58074737,0.5291490481997235,1.9605642326376365,39124,64.88639540756996,64.86792852177497,0.08757560737191378,-10.250504334784239
2023-11-16 03:27:14,119746,274.673395,38.583514,0.0010082760112351,54440513330.69588,54891063.63066892,0.5291490481997235,1.9545877175485673,39124,64.95167522243172,64.93500032492695,0.08761177051346652,-10.398438802275958
2023-11-17 02:11:24,114241,270.020299,33.292011,0.003385888555072,621505346065.3745,2104347838.1588397,0.5291498523954907,1.578669800446404,39148,64.81361441259847,64.80939011031431,0.15586873278279273,11.572481539955994
2023-11-17 02:12:14,117035,269.081478,35.937762,0.0012468007681753,619133976256.3646,771936717.1998725,5.30018262572227,1.5826734340678654,39148,66.17210835765451,66.1810062496962,0.15591569069400912,11.45696929652511
2023-11-17 02:13:04,111944,270.734757,31.17541,0.0029934849855915,605116628480.4314,1811407541.8879783,0.5291495079042422,1.5938371913982436,39148,66.0626330249077,66.07125460523378,0.15596265466490133,11.34117241414431
2023-11-17 02:13:54,107799,271.661239,27.471358,0.0015192213672498,602491740655.1886,915318325.9948982,0.5291495079042422,1.6197732005381158,39148,65.95884537815353,65.96702908724725,0.15600962469336654,11.225092241059388
2023-11-17 02:14:44,113670,269.07984,32.762861,0.0014085004118663,570538160007.4873,803603233.356002,0.5291487092320103,1.6343172777556532,39148,65.86077288289408,65.86835651234668,0.1560566007733784,11.108730120371284
2023-11-17 02:15:34,113673,270.9676,32.762861,0.0058506894401068,567854409664.6763,3322339798.1432533,0.5291495079042422,1.5868876097323326,39148,65.76844121782996,65.7752619852121,0.15610358291284127,10.992087392419265
2023-11-17 02:16:24,113099,270.11776,32.233711,0.0030016185523518,564748263342.165,1695158864.6563118,0.5291487092320103,1.6225904200912793,39148,65.6818752567377,65.68776989823388,0.15615057111405578,10.875165392211388
2023-11-17 02:17:14,111947,272.590152,31.17541,0.0047334995977584,557592441841.5358,2639363599.1700354,0.5291495079042422,1.5716408913697606,39148,65.6010979225399,65.60590276819974,0.15619756535885576,10.757965447502922
2023-11-17 02:18:04,119739,269.934937,38.583514,0.0022564402926389,543266551593.1484,1225848536.6577902,0.5291495079042422,1.5745700164808907,39148,65.52613109396142,65.52968216130556,0.15624456566706313,10.640488886319698
2023-11-17 02:18:54,110776,270.727274,30.11711,0.0022187327774786,541148843716.4621,1200664677.048378,0.5291487092320103,1.649854975882645,39148,65.45699514599403,65.45912822821435,0.1562915720256876,10.522737027815454
2023-11-17 02:19:44,112521,269.161954,31.70456,0.0013328406972106,518578319007.1802,691182288.2638826,0.5291495079042422,1.6836424597890955,39148,65.39370864989574,65.39425939569595,0.1563385844368932,10.404711188430719
2023-11-17 02:20:34,113098,269.492198,32.233711,0.001248820366936,513280207549.3831,640994777.1328318,4.4459439903386135,1.6726861884817927,39148,66.62068266560807,66.63875641767717,0.1563856029067367,10.286412680461106
2023-11-17 02:21:24,115927,268.818114,34.879462,0.0010086813667563,505435374040.9125,509823243.8946039,0.529149420426556,1.6662763085777488,39148,66.51521099787178,66.53216698612212,0.15643262741616543,10.167842808263007
2023-11-17 02:22:14,111365,272.955402,30.64626,0.0037994633189753,499200270653.3977,1896693117.17014,0.5291486273464415,1.6021662929597287,39148,66.41546490851714,66.43113877210877,0.15647965798551244,10.049002876612544
2023-11-17 02:23:04,115373,272.171717,34.350312,0.008532767663158,480193239063.17566,4097377342.3454,0.529149420426556,1.588391156513437,39148,66.32147037275301,66.33569732839297,0.15652669460128726,9.92989418122716
2023-11-17 02:23:54,114807,269.625664,33.821161,0.0017933037728815,470227395254.4697,843260562.0221232,0.529149420426556,1.6738546325659807,39148,66.23325244737525,66.24586738518087,0.15657373726992357,9.810518015634907
2023-11-17 02:24:44,117040,272.34923,35.937762,0.0106005370350381,466665344457.1444,4946903266.886795,0.5291486273464415,1.5790760137483923,39148,66.15083475194739,66.161672323295,0.15662078598387907,9.690875666909744
2023-11-17 02:25:34,110184,269.057004,29.587959,0.0007494056781909,463996242833.2988,347721419.03855586,0.529149420426556,1.769154202429887,39148,66.07423910729835,66.08313380233497,0.15666784074555679,9.570968418658284
2023-11-17 02:26:24,114809,270.899529,33.821161,0.0055850389578667,462220066125.8233,2581517076.42046,0.529149420426556,1.6541717618513772,39149,66.06682536496245,66.0102724966715,0.15671490155474854,9.45079754940686
2023-11-17 02:27:14,119206,269.559779,38.054363,0.0014900047469224,460787995320.82153,686576300.3529186,0.5291486273464415,1.6514824650054687,39149,65.99666398560173,65.94310764925352,0.15676196841356338,9.330364333254087
2023-11-17 02:28:04,116486,270.879877,35.408612,0.0063531630334113,447440858006.77606,2842664718.7265167,0.529149420426556,1.6483864272165667,39149,65.93236625005478,65.8816567823404,0.15680904131170453,9.209670037961809
2023-11-17 02:28:54,116484,269.581413,35.408612,0.0026134025968981,445346643735.4967,1163870075.258223,4.511293449390526,1.6940122208036168,39149,67.18167796660919,67.11199091185034,0.1568561202573157,9.088715928910181
2023-11-17 02:29:44,105367,272.727502,25.354757,0.0010205043784888,433921219358.6943,442818504.27478886,0.5291485009680633,1.747563603544876,39149,67.0743752788652,67.00786122043323,0.15690320525321433,8.96750326603162
2023-11-17 02:30:34,120794,270.396255,39.641814,0.0024683727594366,412661783844.3269,1018603106.1018584,0.5291492883893127,1.6354563656365713,39149,66.97280899748743,66.90932489463292,0.1569502962867358,8.84603330248029
2023-11-17 02:31:24,107198,273.587935,26.942208,0.0012103635124265,409090570237.3446,495148299.4930565,0.5291492883893127,1.7051889793179007,39149,66.8770059006598,66.81640730737492,0.15699739336307006,8.724307288971128
2023-11-17 02:32:14,110192,273.924999,29.587959,0.0017965530137991,407009747525.44775,731214588.5624803,0.5291492883893127,1.661428281041884,39149,66.78699123968866,66.72913236958448,0.15704449648140967,8.602326470667958
2023-11-17 02:33:04,115928,269.463138,34.879462,0.0015344936338254,377810620272.9083,579747991.6004156,0.5291485009680633,1.7386831765173099,39149,66.70278899233267,66.647522779681,0.15709160564142388,8.480092088016777
2023-11-17 02:33:54,113675,272.226107,32.762861,0.0082661355558218,377114597524.6249,3117280383.2177305,0.5291492883893127,1.6846320579434968,39149,66.62442134013378,66.57159951477956,0.1571387208442382,8.357605376872522
2023-11-17 02:34:44,113677,273.484614,32.762861,0.0035328894782411,368867710179.8866,1303168852.1574123,0.5291492883893127,1.652252949341418,39149,66.55190939170863,66.50138253866649,0.15718584208457176,8.234867567460997
2023-11-17 02:35:34,115930,270.753187,34.879462,0.0057503346439898,361881088356.00415,2080937359.378292,0.5291492883893127,1.71679347644074,39149,66.48527264591574,66.43689027869645,0.15723296936589876,8.111879886401715
2023-11-17 02:36:24,111941,268.879362,31.17541,0.0010858470959103,351787950040.70404,381987923.9279593,4.485186769575138,1.8510662867796288,39149,67.74877295515121,67.6875331182771,0.15728010268372283,7.988643554436254
2023-11-17 02:37:14,114242,270.653342,33.292011,0.0054214889685459,351258235463.7724,1904342648.6777697,0.5291486979483279,1.756905954550896,39149,67.63933578035504,67.58058007172268,0.1573272420385814,7.865159788192924
2023-11-17 02:38:04,111361,270.495184,30.64626,0.0023327094821656,348753615657.2474,813540866.1831982,0.529149479642042,1.813877830631428,39149,67.53564610984935,67.47922950408771,0.15737438743375987,7.741429799891263
2023-11-17 02:38:54,113102,271.994447,32.233711,0.0074251375867247,344580758456.1005,2558559541.274524,0.5291486979483279,1.7410133226629763,39149,67.43773128092816,67.38350750548261,0.15742153886420324,7.617454795837495
2023-11-17 02:39:44,115369,269.608015,34.350312,0.0026615240555207,328246401241.5561,873635693.042516,0.529149479642042,1.799926906034393,39149,67.3456166814114,67.29343828901976,0.15746869632479338,7.49323597752909
2023-11-17 02:40:34,115370,270.24894,34.350312,0.0048161851864501,328246401241.5561,1580895455.165156,0.5291486979483279,1.7843175832334124,39149,67.25932687479347,67.2090453016711,0.15751585982268218,7.368774543331408
2023-11-17 02:41:24,109000,272.056782,28.529659,0.0024507372198467,325693305708.7935,798188706.5554676,0.529149479642042,1.8245593323455203,39149,67.17888448135746,67.13035012312577,0.15756302935751748,7.244071685772637
2023-11-17 02:42:14,112526,272.271788,31.70456,0.0065860715311682,322461444299.4231,2123754138.1998289,0.5291486979483279,1.768805069026635,39149,67.10431116889355,67.05737344378878,0.15761020491946504,7.119128591379032
2023-11-17 02:43:04,106589,272.357274,26.413058,0.0013445882190675,311890603411.657,419364430.9851977,0.529149479642042,1.8717362864854359,39149,67.03562667484555,66.99013410254727,0.15765738652013467,6.993946444691609
2023-11-17 02:43:54,107798,271.06484,27.471358,0.0009806314516501,307654279130.6151,301695462.3502409,3.8855081052697105,1.913682803859685,39149,68.18981951687782,68.13837524685293,0.15770457415257277,6.868526423033738
2023-11-17 02:44:44,108403,273.099112,28.000508,0.0020685250049047,302781358026.5393,626310810.0969155,0.529149478731469,1.8264514271013235,39149,68.08479713782806,68.03507547899487,0.15775176780992428,6.74286969892274
2023-11-17 02:45:34,110193,274.533498,29.587959,0.0008455632711339,299740672382.84125,253449703.4319116,0.5291487028290612,1.7523191308327632,39149,67.98556617107351,67.93741912523137,0.1577989675032732,6.61697744249303
2023-11-17 02:46:24,113101,271.368885,32.233711,0.0053957290364118,295683527364.6601,1595428194.1901703,0.529149478731469,1.8322961891104528,39149,67.89215224661665,67.84543078450342,0.15784617322635563,6.490850816782287
2023-11-17 02:47:14,106592,274.129753,26.413058,0.0009255513582708,289716733200.58154,268147715.9275874,0.5291487028290612,1.8415199851269035,39149,67.80458017720737,67.7591343027621,0.15789338497838995,6.364490980782614
2023-11-17 02:48:04,116489,272.827572,35.408612,0.0080229410834088,286420419652.2031,2297934151.9548726,0.529149478731469,1.7443663073022715,39149,67.72287283215783,67.67855165680405,0.15794060275538002,6.237899088278554
2023-11-17 02:48:54,118132,272.122185,36.996063,0.0084127260305091,286088237084.9175,2406781959.146744,0.5291487028304388,1.7529151899492723,39149,67.64705213540081,67.60370394689227,0.15798782655946697,6.1110762890787775
2023-11-17 02:49:44,118131,271.459652,36.996063,0.0090669061427244,286088237084.9175,2593935194.1864595,0.5291487028290612,1.7826130519640861,39149,67.57713817785844,67.53461051662303,0.15803505639313958,5.984023728319925
2023-11-17 02:50:34,107197,272.99436,26.942208,0.0011888791553189,282658664154.796,336046993.8839394,0.529149478731469,1.9139122697031539,39149,67.51314959002042,67.47128932443029,0.15808229224749054,5.8567425447771715
2023-11-17 02:51:24,109001,272.659068,28.529659,0.0021830901147004,280913336740.3768,613259128.525434,4.265833735270311,1.9030889664747601,39149,68.7111959545705,68.66820089122501,0.15812953413190473,5.729233874984697
2023-11-17 02:52:14,113105,273.871133,32.233711,0.0031640468970382,278470713294.36926,881094396.3150885,0.5291486405056882,1.7929783707299505,39149,68.6063931682545,68.56441321716619,0.1581767820408923,5.6014988486908805
2023-11-17 02:53:04,108999,271.454497,28.529659,0.0017980720343679,273722635846.5876,492173016.6892406,0.5291486405056882,1.976517710258398,39149,68.50740684101983,68.46629176605472,0.1582240359679109,5.473538590731429
2023-11-17 02:53:54,119210,272.247778,38.054363,0.0069708924868459,271712697161.98575,1894079999.227148,0.5291494105480091,1.7762347024006524,39149,68.4142626481647,68.37386135432318,0.15827129592400524,5.34535422360999
2023-11-17 02:54:44,106590,272.9481,26.413058,0.0007885371754329,265292893681.29504,209193309.0458865,0.5291486405056882,1.9764919598801436,39149,68.3269852794805,68.28714588460068,0.1583185619018354,5.216946862580212
2023-11-17 02:55:34,111367,274.185511,30.64626,0.0014360940180405,261460037922.5424,375481196.41722,0.5291494105480091,1.8407894103018767,39149,68.24559748146001,68.20616738924113,0.15836583389867753,5.088317618780018
2023-11-17 02:56:24,107801,272.854038,27.471358,0.0017969667176117,250386508791.24963,449936222.836867,0.5291486405056882,1.9750945228772334,39149,68.17012104442254,68.13094701999293,0.1584131119181622,4.959467599513414
2023-11-17 02:57:14,111946,271.971687,31.17541,0.0038322028501482,245171029111.1441,939545116.5334938,0.5291494105480091,1.9406607467002914,39149,68.1005758279195,68.06150407316939,0.15846039595583994,4.830397906208598
2023-11-17 02:58:04,115371,270.889866,34.350312,0.0047352887719754,242345884682.05493,1147577746.6693995,3.71988046124797,1.930770405558049,39149,69.2278338707509,69.19214395525762,0.15850768601201276,4.7011096363047296
2023-11-17 02:58:54,113679,274.743121,32.762861,0.0014393626642784,242200482833.733,348614332.2610928,0.5291492666306056,1.8137490419699163,39149,69.12349871042115,69.08819435477734,0.15855498208694446,4.571603882453189
2023-11-17 02:59:44,118674,273.228274,37.525213,0.0063620280435658,241876307472.21973,1538823851.2124116,0.5291485025130095,1.8005852834700073,39149,69.02500799775362,68.98993704100855,0.15860228417931066,4.441881732420485
2023-11-17 03:00:34,111950,274.445547,31.17541,0.001560410140985,235654037210.1869,367716949.4268331,0.5291492666306056,1.870674143595198,39149,68.93238709173322,68.89739666968603,0.1586495922948724,4.311944270261427
2023-11-17 03:01:24,119741,271.288782,38.583514,0.0062853191751594,232523833590.3522,1461486509.9470246,0.5291485025130095,1.8704461553181742,39149,68.84566050736967,68.81059713039227,0.15869690642098067,4.18179257279442
2023-11-17 03:02:14,115936,274.623334,34.879462,0.0023489280371574,219806483954.98187,516309612.9108592,0.5291492666306056,1.8140877516157008,39149,68.76485081584667,68.72956044072312,0.15874422656210097,4.051427714543309
2023-11-17 03:03:04,113676,272.85536,32.762861,0.006053868497344,205744296745.10983,1245548916.573423,0.5291485025130095,1.9324287566101832,39149,68.68997961776839,68.65430772927786,0.15879155272436435,3.920850765557298
2023-11-17 03:03:54,120272,272.458106,39.112664,0.0041251957024126,200262242741.39743,826120943.1123264,2.6108743205360305,1.8415669501919174,39149,69.62799521291983,69.59736183299437,0.15883888489171016,3.7900627882010123
2023-11-17 03:04:44,113103,272.620009,32.233711,0.0047718751775697,189834354716.0019,905865845.1192596,0.5291489271326678,1.9729600913714669,39149,69.53073446353302,69.49985046501166,0.15888622307551747,3.659064843935595
2023-11-17 03:05:34,120271,271.77613,39.112664,0.0051636177151284,180589521315.41177,932495251.4308218,0.5291489271326678,1.882827058654796,39149,69.43937593238161,69.40808724237681,0.1589335672753247,3.527857987980926
2023-11-17 03:06:24,118130,270.797118,36.996063,0.0064058117860466,166239809209.94025,1064900929.1471823,0.5291489271326678,1.971188182162225,39149,69.35394352775451,69.3220955754704,0.158980917485748,3.3964432702416794
2023-11-17 03:07:14,122345,270.549939,41.229265,0.0013504826339764,164186300870.00934,221730748.06177932,0.5291489271326678,1.9101441728781627,39149,69.2744597198785,69.24189751441155,0.15902827370522066,3.2648217364896417
2023-11-17 03:08:04,118670,270.559455,37.525213,0.0052141495752867,96154967799.53384,501366384.5136496,0.5291489271326678,1.9889822472567331,39149,69.20094551288963,69.16751372212428,0.1590756359377296,3.1329944287013958
2023-11-17 03:08:54,122854,270.59218,41.758415,0.00075841325926,91012720721.58832,69025254.15658589,2.6612326599243286,1.9155640757582395,39149,70.14255034268542,70.11642936110508,0.1591230041738666,3.0009623823576623
2023-11-17 03:09:44,121314,269.718613,40.170965,0.0008252941473601,35371947523.87682,29192261.27218552,0.5291488647721269,1.989300832844402,39149,70.04593688647681,70.01909134316367,0.15917037842231124,2.8687266308488106
2023-11-18 02:11:24,113671,269.709093,32.762861,0.0020882656295695,248933440689.6472,519839148.242684,0.5291488647721269,1.620417618502499,40990,71.68990316029996,71.53709927823927,0.24537694375626762,20.615253946167332
2023-11-18 02:12:14,115368,268.967089,34.350312,0.0011655004151214,221615137860.71997,258292535.1738572,0.5291488647721269,1.6294617172461954,40990,71.47901312149968,71.32807627521002,0.24543316952376565,20.52266582375342
2023-11-18 02:13:04,113097,268.866636,32.233711,0.0011183603601317,219658520241.24307,245657381.8029976,0.5291488647721269,1.6643872665919826,40990,71.27344364917643,71.12424673667961,0.2454893998931985,20.429676688440647
2023-11-18 02:13:54,114243,271.286385,33.292011,0.0062928883834034,204279827946.714,1285510156.2495296,0.5291488647721269,1.5879620171817288,40990,71.07324247789997,70.9256569779532,0.24554563486955933,20.33628822409411
2023-11-18 02:14:44,108401,271.900507,28.000508,0.0016542398270278,196262237803.86276,324664810.3167535,2.656407194009292,1.6411627971390759,40990,72.59370580224756,72.44557303195046,0.24560187444933979,20.24250211197225
2023-11-18 02:15:34,116483,268.932181,35.408612,0.001093736239138,169903938408.9972,185830094.610198,0.5291486513478604,1.6426119890449589,40990,72.37324747334799,72.22678149963826,0.24565811862840692,20.148320031499086
2023-11-18 02:16:24,114808,270.262597,33.821161,0.0043881117427858,150283728788.33218,659461795.0457202,0.5291486513478604,1.628249981007244,40990,72.15805486733038,72.01312844689397,0.24571436740877245,20.053743660847502
2023-11-18 02:17:14,109598,273.334463,29.058809,0.0021476430159665,142479842304.38943,305995838.2410443,0.529149397300617,1.6032568551727597,40990,71.94817669957969,71.80466117563871,0.24577062079434875,19.95877467649265
2023-11-18 02:18:04,110185,269.665503,29.587959,0.0009116864525721,140699447231.5132,128273779.92535415,0.5291486513478604,1.7165271805401339,40990,71.74366191458333,71.60142725360306,0.24582687877358061,19.863414751142095
2023-11-18 02:18:54,112527,272.893755,31.70456,0.0058899591647145,139510411493.7278,821710626.750575,1.5299450875645713,1.5957228904111274,40990,72.79639376958148,72.65524576113069,0.24588314135226413,19.767665557285273
2023-11-18 02:19:44,117037,270.388579,35.937762,0.0046858019319193,138714311807.78558,649987790.2537913,0.5291484498112609,1.6250157414777282,40990,72.58325464864627,72.44332219640495,0.24593940852980523,19.671528764560712
2023-11-18 02:20:34,114811,272.173395,33.821161,0.0097011010009921,67916138334.64306,658861317.5817279,0.5291484498119498,1.6037411858679311,40990,72.37548410045741,72.23663644958457,0.2459956803047842,19.575006040182902
2023-11-18 02:21:24,115372,271.530792,34.350312,0.007782799598544,67266953571.08384,523525219.2483157,0.9773350446413165,1.6218085597872736,40990,73.18614566021272,73.04865733353584,0.24605195667233243,19.47809904866279
2023-11-18 02:22:14,114240,269.387256,33.292011,0.0019750080257658,,,0.5291490148721738,1.7063301501900368,40990,72.97593905204295,72.83940255233223,0.24610823763721612,19.380809453154917
