tile_index,objname,P_Mstar,RA,Dec,tile_prob,tile_Mstar,tile_Mstar*tile_prob
27421.0,WISEA J172713.10+185011.0,0.0025452191366621114,262.193376,19.0,,,
30394.0,WISEA J181617.32+273151.4,0.002085192033534691,273.893717,28.0,,,
35778.0,WISEA J180645.27+472554.4,0.0017866900031472182,271.966971,47.0,,,
31336.0,WISEA J183249.43+312718.4,0.001559448024655197,277.863821,31.0,,,
28779.0,WISEA J184142.44+224654.4,0.0013522863750020037,280.107657,23.0,,,
25356.0,WISEA J175527.33+124945.9,0.001212574713273605,269.229009,13.0,,,
35289.0,WISEA J190205.09+450617.9,0.0011068870230983485,284.933888,45.0,,,
31945.0,CGCG 173-014,0.0010655383739627282,278.83865,33.0,,,
27771.0,WISEA J181721.46+194255.4,0.0010340847759892802,274.473057,20.0,,,
35031.0,WISEA J184543.26+441240.3,0.0010218638982913218,281.27027,44.0,,,
32527.0,WISEA J173259.36+351613.7,0.0010046197187574977,263.473896,35.0,,,
32241.0,WISEA J182049.93+335311.1,0.0009751213021549063,275.008491,34.0,,,
26746.0,WISEA J180339.39+162818.4,0.0009537386706863099,270.603688,17.0,,,
35037.0,WISEA J191912.23+434600.0,0.0009307409742332609,289.611251,44.0,,,
28101.0,WISEA J175241.57+211422.8,0.0009052723638334036,267.766982,21.0,,,
26742.0,WISEA J174418.07+171105.2,0.0008365099404501277,266.420921,17.0,,,
25708.0,WISEA J180832.48+135827.0,0.0008219856390805149,272.064926,14.0,,,
27763.0,WISEA J174245.17+194822.2,0.0007912742858515216,265.959635,20.0,,,
31940.0,2MFGC 14239,0.0007232872570356883,272.876833,33.0,,,
31933.0,B2 1736+32,0.0007050016822527807,264.53029,33.0,,,
26744.0,2MFGC 14097,0.0006840363193328593,268.512305,17.0,,,
35781.0,WISEA J182408.84+464017.2,0.0006778632609917726,276.365808,47.0,,,
33698.0,WISEA J193448.84+390745.3,0.0006749179623925119,293.892801,39.0,,,
31025.0,WISEA J182641.63+293631.4,0.000634957470180168,276.836609,30.0,,,
30714.0,WISEA J183345.49+293130.4,0.0006230420662630306,278.59778,29.0,,,
31321.0,WISEA J172210.25+304508.1,0.0006069513255822141,260.36432,31.0,,,
29748.0,WISEA J174806.22+254804.2,0.0006061377058948334,267.258831,26.0,,,
25700.0,WISEA J173607.90+141218.5,0.0005992821227545761,263.820017,14.0,,,
32235.0,WISEA J175210.57+333916.3,0.0005970068215523843,267.771183,34.0,,,
24659.0,WISEA J182425.56+112546.6,0.000586955883884997,276.056139,11.0,,,
31934.0,WISEA J174140.57+323852.3,0.0005819332923964241,265.722654,33.0,,,
28440.0,WISEA J180742.26+213024.0,0.0005743657939723589,271.987479,22.0,,,
35045.0,WISEA J200406.25+441550.8,0.0005742051022588267,300.73256,44.0,,,
28775.0,WISEA J182326.50+231329.1,0.000573656734109613,275.762216,23.0,,,
32835.0,WISEA J185026.90+355838.6,0.000558991238267153,283.003655,36.0,,,
28444.0,WISEA J182453.59+222435.1,0.0005537413801726754,276.301618,22.0,,,
31022.0,WISEA J181351.17+295123.5,0.0005528084874723819,273.372508,30.0,,,
28103.0,WISEA J180051.84+205029.0,0.000530545719911285,269.909272,21.0,,,
27424.0,WISEA J174249.67+192031.6,0.0005143207637938474,265.366238,19.0,,,
33113.0,WISEA J180011.05+371739.9,0.0005138621420764774,269.689475,37.0,,,
33406.0,WISEA J183733.65+373813.9,0.0005082802630343144,279.927263,38.0,,,
36017.0,WISEA J174950.31+480431.6,0.0005059809264095282,267.324562,48.0,,,
27776.0,WISEA J183747.01+201556.5,0.0005038359608244432,279.793946,20.0,,,
25705.0,WISEA J175350.77+140253.9,0.0004992281297762544,268.973086,14.0,,,
33111.0,WISEA J174750.57+371529.3,0.0004963469467812629,267.185203,37.0,,,
34762.0,WISEA J175532.41+430709.6,0.0004667670031124258,269.256922,43.0,,,
31642.0,WISEA J183430.35+322355.9,0.0004649069059631508,278.16214,32.0,,,
30399.0,WISEA J183917.92+281216.7,0.0004643146646227836,279.556567,28.0,,,
36015.0,CGCG 253-024,0.00045147052127320276,264.335609,48.0,,,
34237.0,WISEA J184259.94+404121.5,0.0004498570507434695,280.437464,41.0,,,
28446.0,WISEA J183220.31+222012.1,0.0004443086407865055,278.458687,22.0,,,
33107.0,WISEA J173027.60+364518.1,0.0004354504261513168,262.176661,37.0,,,
24654.0,WISEA J180249.17+105256.0,0.00043508635923619114,270.962555,11.0,,,
34507.0,WISEA J184703.13+415113.3,0.0004272271350468738,281.881203,42.0,,,
31335.0,UGC 11232,0.0004270417588094145,276.697187,31.0,,,
33410.0,CGCG 201-045,0.0004263524253348116,285.003335,38.0,,,
26055.0,CGCG 113-013 NED01,0.0004158427281194582,270.220333,15.0,,,
33948.0,2MFGC 13797,0.0004151037566670718,259.126856,40.0,,,
32535.0,WISEA J181440.89+344146.0,0.00040818334724658154,273.240093,35.0,,,
30064.0,WISEA J172354.65+271710.0,0.00040817876927238156,260.704108,27.0,,,
27084.0,WISEA J174350.30+181829.1,0.0004077291833549932,265.840645,18.0,,,
32816.0,WISEA J171623.47+361525.6,0.00040660237901212474,259.518364,36.0,,,
27434.0,WISEA J182410.82+184608.7,0.0003939085140862889,275.942445,19.0,,,
34242.0,CGCG 229-019,0.00039015440365780605,287.062529,41.0,,,
30383.0,WISEA J172511.30+274804.9,0.0003896396863832085,261.435447,28.0,,,
36723.0,WISEA J184254.98+503946.7,0.00037809498465218226,280.118835,51.0,,,
28441.0,WISEA J181044.99+214902.1,0.00037542280199386497,273.066014,22.0,,,
37160.0,WISEA J181125.91+523519.1,0.0003751205453081382,273.400372,53.0,,,
33958.0,2MFGC 14231,0.00037480992041256353,272.180929,40.0,,,
33405.0,WISEA J183456.91+381349.0,0.0003699782056560631,278.658244,38.0,,,
26741.0,UGC 10941,0.0003632452396870343,265.375229,17.0,,,
26409.0,WISEA J183625.57+161647.4,0.00036243842779946266,278.720607,16.0,,,
30082.0,WISEA J184330.76+270610.2,0.0003613198463978998,280.90598,27.0,,,
29101.0,WISEA J180609.87+233847.7,0.00035481742663986114,271.862342,24.0,,,
28111.0,WISEA J183244.40+212655.3,0.00035206803833791697,278.478431,21.0,,,
29427.0,WISEA J180425.31+251205.0,0.00034817843188013407,270.760574,25.0,,,
35779.0,B3 1812+473,0.0003453475148972099,273.43325,47.0,,,
26400.0,2MFGC 14125,0.00034256839260104875,269.357912,16.0,,,
30072.0,WISEA J175715.71+264237.6,0.0003416994822733093,269.682718,27.0,,,
31024.0,WISEA J182406.85+302932.0,0.00033993755262976547,275.681909,30.0,,,
28112.0,WISEA J183932.37+205115.7,0.00033958336573496506,279.549576,21.0,,,
32239.0,WISEA J181218.67+334516.9,0.0003390380166616707,272.596055,34.0,,,
25710.0,WISEA J181555.27+133832.0,0.0003387117742014038,274.126154,14.0,,,
34506.0,WISEA J184015.32+421648.9,0.0003383309286374913,280.53557,42.0,,,
33124.0,CGCG 201-042,0.00033634702636275423,283.462967,37.0,,,
31641.0,WISEA J183004.93+322128.3,0.0003344968451642007,276.982961,32.0,,,
34240.0,MCG +07-39-006,0.00032814433029854936,284.412503,41.0,,,
36491.0,NGC 6582 NED02,0.00032765141896430903,272.98797,50.0,,,
34229.0,WISEA J175952.98+405620.5,0.0003269179207893659,269.83736,41.0,,,
35025.0,WISEA J181028.55+434341.3,0.00032490761567600463,272.929288,44.0,,,
36941.0,UGC 11102,0.00032037413554318747,271.532532,52.0,,,
29109.0,WISEA J184145.84+232856.6,0.0003179825513462197,280.619432,24.0,,,
29095.0,WISEA J174314.48+234913.1,0.0003172782367454282,265.294524,24.0,,,
29750.0,WISEA J175926.27+260253.9,0.00031323015275124244,269.484035,26.0,,,
35038.0,WISEA J192245.13+441417.6,0.0003108424714257314,291.001415,44.0,,,
34511.0,WISEA J190755.86+422420.3,0.000310441954825735,287.263734,42.0,,,
33125.0,WISEA J185909.51+363733.1,0.00030180256473840897,284.715103,37.0,,,
29416.0,WISEA J171313.93+245508.2,0.00029857794734206494,258.623416,25.0,,,
26395.0,WISEA J173833.43+160734.2,0.0002970700702306758,264.156415,16.0,,,
28767.0,2MFGC 14046,0.0002966323823145795,267.071333,23.0,,,
35293.0,CGCG 256-016,0.00029497744122492344,290.590742,45.0,,,
34224.0,WISEA J173251.68+404907.6,0.0002941533025109048,263.212295,41.0,,,
31942.0,WISEA J182146.33+330627.1,0.00029373662243392564,275.26156,33.0,,,
32242.0,WISEA J182321.60+342147.3,0.0002927059575705028,276.214709,34.0,,,
35787.0,CGCG 255-022,0.0002913868749329533,285.163483,47.0,,,
27767.0,WISEA J180241.25+201141.1,0.00029088632944919163,270.216346,20.0,,,
31014.0,WISEA J173822.68+293553.4,0.0002896561363434501,264.134903,30.0,,,
34239.0,KIC 005511084,0.00028816432420220435,283.08749,41.0,,,
34501.0,WISEA J181532.86+415337.6,0.0002868449738815099,273.807407,42.0,,,
31340.0,UGC 11358,0.0002857635060534868,282.530354,31.0,,,
29099.0,WISEA J175648.93+241359.1,0.0002852276328495185,269.673069,24.0,,,
34775.0,CGCG 229-023,0.00028372274924425966,287.032179,43.0,,,
35540.0,CGCG 255-021,0.0002833074628700117,284.909439,46.0,,,
35782.0,WISEA J182947.93+471106.7,0.000283286917773799,277.832087,47.0,,,
29418.0,WISEA J172124.27+245357.5,0.0002827416216067757,260.830172,25.0,,,
34509.0,WISEA J185539.58+414023.1,0.0002812489722707608,284.572469,42.0,,,
36722.0,MCG +09-30-022,0.0002802443216535052,278.52982,51.0,,,
34241.0,CGCG 229-014,0.0002782157950852475,285.737516,41.0,,,
29093.0,WISEA J173434.68+235853.3,0.0002771974970994976,263.105251,24.0,,,
36018.0,WISEA J175614.41+475910.2,0.0002738456514274968,268.819039,48.0,,,
36494.0,WISEA J182912.05+495801.3,0.0002734555067652607,277.655142,50.0,,,
35288.0,WISEA J185335.87+442451.5,0.00027321080562454935,283.519674,45.0,,,
35542.0,CGCG 256-011,0.0002724857166225667,287.788552,46.0,,,
35032.0,WISEA J184827.67+433736.5,0.0002717523389388354,282.660433,44.0,,,
29751.0,WISEA J180252.32+254437.3,0.00027151447753830305,270.596637,26.0,,,
32830.0,WISEA J182624.44+353408.9,0.00027150310203314477,276.823315,36.0,,,
31629.0,UGC 10890,0.00027111704913476144,262.832821,32.0,,,
33954.0,WISEA J174728.25+394921.4,0.0002702805454357793,266.9593,40.0,,,
30389.0,WISEA J175127.11+275351.9,0.0002701832918683805,268.230867,28.0,,,
33106.0,WISEA J172323.20+363010.2,0.00026981401640026505,260.924525,37.0,,,
33686.0,WISEA J183158.24+392049.1,0.0002695244232278417,278.451686,39.0,,,
28106.0,WISEA J181341.91+205419.6,0.0002681359215775573,273.122706,21.0,,,
34512.0,WISEA J191334.48+420132.6,0.0002674392151946506,288.609367,42.0,,,
36020.0,WISEA J180506.99+474056.5,0.0002672888646284294,271.807992,48.0,,,
28107.0,WISEA J181520.43+204414.7,0.0002662745849368852,274.193851,21.0,,,
28104.0,WISEA J180413.66+203710.1,0.00026595988956606075,270.980417,21.0,,,
26062.0,WISEA J183156.03+151152.2,0.00026290674314131035,277.467266,15.0,,,
28778.0,WISEA J183511.35+225919.6,0.0002620925703867175,279.021297,23.0,,,
28770.0,WISEA J180314.59+225624.3,0.0002615780119894298,270.330414,23.0,,,
30078.0,WISEA J182445.52+272506.1,0.0002602820622674056,276.416675,27.0,,,
36019.0,CGCG 254-008,0.00025994248767589764,270.313516,48.0,,,
34503.0,WISEA J182734.97+413830.7,0.0002588400984460201,276.498672,42.0,,,
31645.0,WISEA J184555.90+313821.3,0.00025862218423846695,281.699675,32.0,,,
28100.0,WISEA J174849.80+211535.2,0.0002586155299789181,266.695837,21.0,,,
28105.0,WISEA J180611.35+212016.1,0.0002577703016047862,272.051561,21.0,,,
31946.0,WISEA J183846.82+325116.3,0.00025630461328329194,280.031013,33.0,,,
31644.0,CGCG 173-024,0.00025531660287071245,280.520497,32.0,,,
34763.0,WISEA J180220.72+424146.5,0.00025415746694720657,270.62425,43.0,,,
34500.0,WISEA J180737.07+414520.0,0.0002538432689329613,272.461774,42.0,,,
34782.0,WISEA J194827.60+425825.4,0.00025349964493558803,296.603472,43.0,,,
35547.0,WISEA J193748.33+460227.7,0.0002510046162101921,294.986335,46.0,,,
26053.0,WISEA J175210.92+144258.6,0.00025077973907571336,268.14978,15.0,,,
34757.0,WISEA J173215.28+425358.2,0.00024900453399570284,262.420285,43.0,,,
34498.0,WISEA J180054.36+420746.1,0.00024840349047276463,269.770509,42.0,,,
36028.0,WISEA J185729.90+481602.4,0.00024773570721902587,283.763804,48.0,,,
35280.0,CGCG 227-019,0.0002475750315085514,272.205966,45.0,,,
28780.0,WISEA J184422.64+231919.3,0.00024726014970616013,281.194017,23.0,,,
34767.0,WISEA J182655.78+424904.2,0.0002467242986641928,276.09356,43.0,,,
35029.0,WISEA J183613.82+433606.2,0.0002440985561001981,278.489942,44.0,,,
29421.0,WISEA J173519.43+250830.7,0.00024408673387502002,264.140306,25.0,,,
29091.0,UGC 10828 NED01,0.00024331040868405307,260.915979,24.0,,,
32819.0,WISEA J173145.22+355321.6,0.00024268630605557258,263.226568,36.0,,,
28430.0,WISEA J172448.33+214842.4,0.0002426108010766899,261.202132,22.0,,,
29097.0,WISEA J174804.62+234358.2,0.0002417416296733549,267.483797,24.0,,,
29425.0,UGC 11043 NED01,0.00024142161188313828,268.553818,25.0,,,
26406.0,WISEA J182032.20+162507.4,0.0002409733401677132,275.599709,16.0,,,
28777.0,WISEA J183020.98+230325.7,0.00023995956321023806,277.934936,23.0,,,
29422.0,WISEA J174015.30+243406.3,0.00023991166216001108,265.243684,25.0,,,
26401.0,WISEA J180301.60+161905.8,0.00023924762139226026,270.398212,16.0,,,
31322.0,CGCG 170-026,0.00023914050699104668,261.530953,31.0,,,
34769.0,WISEA J183307.37+425840.0,0.00023817806990684588,278.828215,43.0,,,
28769.0,WISEA J175608.48+225707.5,0.00023786898175878903,269.244053,23.0,,,
25006.0,WISEA J180338.97+120132.8,0.0002377224236136744,270.612956,12.0,,,
29752.0,WISEA J180706.85+260849.2,0.00023694505972103776,271.709239,26.0,,,
29103.0,WISEA J181748.89+235511.1,0.00023602110231835005,274.051614,24.0,,,
33672.0,CGCG 226-005,0.00023593049144911214,260.437052,39.0,,,
34243.0,WISEA J191316.48+405116.1,0.00023553351077534534,288.387542,41.0,,,
27082.0,WISEA J173506.11+180409.1,0.0002342486054860437,263.73772,18.0,,,
33952.0,WISEA J173931.75+392934.4,0.00023395173093613953,264.348485,40.0,,,
25701.0,WISEA J173731.74+141908.9,0.0002337500246364988,264.850631,14.0,,,
32240.0,WISEA J181709.37+335428.3,0.00023364640475575713,273.802273,34.0,,,
31633.0,WISEA J174942.29+314245.3,0.00023350658472915274,267.549534,32.0,,,
32247.0,WISEA J184637.21+340118.1,0.00023345031266813307,282.245798,34.0,,,
32832.0,WISEA J183649.27+355350.7,0.0002313687438562212,279.295451,36.0,,,
27090.0,WISEA J180709.84+173345.5,0.0002311613161055405,272.149418,18.0,,,
33119.0,WISEA J182705.98+371121.2,0.00023096762313868654,277.202289,37.0,,,
27430.0,WISEA J180701.69+192611.1,0.0002305277599577071,271.711962,19.0,,,
32529.0,WISEA J174221.15+350258.3,0.00023051258876944467,265.915445,35.0,,,
29094.0,WISEA J173855.80+240616.5,0.00023025592898871103,264.199888,24.0,,,
31944.0,WISEA J182812.46+331123.9,0.00022987963837919526,277.646286,33.0,,,
27777.0,WISEA J184443.92+202533.4,0.00022887492737160272,280.858124,20.0,,,
26410.0,WISEA J184011.96+153012.3,0.00022820660732043066,279.760907,16.0,,,
27757.0,WISEA J171710.12+201834.7,0.00022720258245043063,259.574568,20.0,,,
27435.0,WISEA J182637.28+190224.4,0.00022683666609363837,277.000065,19.0,,,
27096.0,WISEA J183531.77+173828.0,0.0002263902742983777,278.458192,18.0,,,
32827.0,WISEA J181311.81+360306.9,0.00022637600653639835,273.115111,36.0,,,
33677.0,UGC 10969,0.00022607422295678744,266.87085,39.0,,,
28772.0,WISEA J180751.29+230907.7,0.00022592557318386276,272.503134,23.0,,,
31009.0,WISEA J171204.07+301420.1,0.00022433522567754744,258.361401,30.0,,,
30712.0,WISEA J182341.78+292545.3,0.00022368637256812223,276.311072,29.0,,,
33688.0,WISEA J184226.56+385009.6,0.00022362372874108974,281.025205,39.0,,,
32540.0,WISEA J183704.36+350103.3,0.00022288744649818511,279.343966,35.0,,,
30703.0,WISEA J174524.24+283544.7,0.00022178767202405577,266.020885,29.0,,,
35533.0,WISEA J181725.40+462431.9,0.00022153893721830523,274.832543,46.0,,,
28092.0,WISEA J171146.63+210821.2,0.00022104061655514864,258.126677,21.0,,,
33974.0,WISEA J193247.65+402212.9,0.00022091341551312653,293.067445,40.0,,,
33397.0,WISEA J175529.00+374250.1,0.0002207731430883666,268.506099,38.0,,,
28449.0,WISEA J184444.35+213101.5,0.00022026442846724892,281.694292,22.0,,,
29756.0,WISEA J182555.61+260056.0,0.00022001687915536766,276.159647,26.0,,,
34778.0,CGCG 230-010,0.00021979910397042148,291.134162,43.0,,,
25711.0,WISEA J182142.80+135635.4,0.0002177613339529239,275.156767,14.0,,,
36495.0,WISEA J183513.51+493524.6,0.00021722886401833843,279.210866,50.0,,,
29096.0,WISEA J174326.55+234703.4,0.0002165391102506259,266.38916,24.0,,,
26398.0,WISEA J175051.42+154811.2,0.0002165107022888561,267.277313,16.0,,,
27093.0,WISEA J182145.38+180420.9,0.00021644370373754586,275.303805,18.0,,,
35279.0,WISEA J180138.29+443401.1,0.0002153120400294705,270.791752,45.0,,,
33689.0,WISEA J185055.57+392351.5,0.00021507152452686584,282.311964,39.0,,,
34235.0,WISEA J183339.74+412607.6,0.00021479972881516813,277.787438,41.0,,,
33966.0,MCG +07-39-002,0.0002147194795960381,282.624187,40.0,,,
34502.0,WISEA J181813.37+420726.4,0.00021445311424350704,275.15304,42.0,,,
33389.0,IC 1245,0.00021381333703307013,258.353953,38.0,,,
25357.0,CGCG 084-012,0.0002137826058330883,270.255313,13.0,,,
26058.0,WISEA J181505.81+145717.4,0.0002132169055254224,273.326161,15.0,,,
35042.0,WISEA J194724.39+435156.5,0.00021314106118125204,296.562069,44.0,,,
33402.0,2MFGC 14351,0.00021173793478308325,274.85119,38.0,,,
28448.0,CGCG 143-018,0.00021172981960157307,280.615757,22.0,,,
33685.0,WISEA J182629.10+391841.7,0.0002116396997192247,277.164926,39.0,,,
33395.0,I Zw 193,0.00021141782790585345,265.968062,38.0,,,
27766.0,WISEA J175644.81+201557.0,0.00021121507397630263,269.152168,20.0,,,
33682.0,WISEA J181318.00+392732.9,0.00021082292387568076,273.304648,39.0,,,
25706.0,WISEA J180138.83+135347.4,0.00021035364324752185,270.003699,14.0,,,
27427.0,WISEA J175254.81+183534.5,0.00021024646650405214,268.5391,19.0,,,
34492.0,WISEA J172537.71+420727.3,0.0002098626159110344,261.696712,42.0,,,
28437.0,WISEA J175453.01+223219.3,0.00020982778810048949,268.751875,22.0,,,
28102.0,WISEA J175520.99+212828.0,0.00020965590455251806,268.838127,21.0,,,
27092.0,WISEA J181532.60+173630.2,0.00020927416210732,274.252343,18.0,,,
33969.0,WISEA J190504.15+395113.8,0.00020907420878942234,286.540409,40.0,,,
33394.0,CGCG 199-006,0.0002089140017538508,264.699044,38.0,,,
32528.0,WISEA J173814.94+350837.3,0.000208631686529677,264.694671,35.0,,,
30390.0,WISEA J175735.99+281012.4,0.00020838613077259267,269.363437,28.0,,,
33683.0,WISEA J181655.40+385512.7,0.00020812355188682652,274.591407,39.0,,,
30395.0,WISEA J181810.10+273342.5,0.00020790780580001237,275.026287,28.0,,,
36719.0,WISEA J181402.58+510048.7,0.0002077758717836321,273.762772,51.0,,,
35783.0,WISEA J183930.51+465353.8,0.00020730984721940653,279.298367,47.0,,,
33407.0,WISEA J184321.51+381250.5,0.00020548069541677486,281.196281,38.0,,,
35287.0,WISEA J184946.62+451247.4,0.000204403542584739,282.10546,45.0,,,
31319.0,CGCG 169-056,0.00020394539278198099,258.031053,31.0,,,
31019.0,WISEA J175737.48+301357.4,0.0002025472153849591,269.908406,30.0,,,
27432.0,WISEA J181621.35+192935.8,0.00020252256075501229,273.827203,19.0,,,
29420.0,UGC 10905,0.00020200087188192755,263.036928,25.0,,,
31021.0,WISEA J180938.82+301247.2,0.00020195296853521254,272.217807,30.0,,,
30398.0,CGCG 173-012,0.00020170768494637552,278.423997,28.0,,,
31017.0,NGC 6487,0.00020159493420145768,267.599005,30.0,,,
26736.0,WISEA J172037.27+163457.7,0.00020136278874390479,260.14677,17.0,,,
32231.0,WISEA J173318.19+341735.5,0.00020054212337026906,262.946311,34.0,,,
25704.0,WISEA J175114.94+140618.2,0.00020034553669786656,267.942472,14.0,,,
30074.0,WISEA J180655.70+264840.3,0.00020033576021131236,271.92737,27.0,,,
33960.0,CGCG 227-022,0.00019980721296615129,274.791743,40.0,,,
24657.0,WISEA J181725.15+111848.0,0.00019956752434226334,274.018705,11.0,,,
27422.0,WISEA J173434.54+192010.1,0.00019921447042037913,263.250997,19.0,,,
28442.0,WISEA J181648.85+213640.8,0.0001989837590198927,274.144549,22.0,,,
29758.0,WISEA J183322.39+253917.8,0.00019818898667367827,278.384851,26.0,,,
27087.0,WISEA J175538.97+173511.9,0.00019816204209399335,268.995032,18.0,,,
27428.0,WISEA J175901.76+193042.5,0.00019815324395443555,269.596721,19.0,,,
33120.0,WISEA J183618.41+365624.7,0.00019795043415473117,278.454424,37.0,,,
32821.0,WISEA J174238.97+354221.4,0.0001978646723696343,265.698704,36.0,,,
37372.0,MCG +09-29-046,0.0001975386066742973,270.880359,54.0,,,
35023.0,CGCG 227-015,0.00019725438011118952,270.148961,44.0,,,
32233.0,CGCG 199-005 NED01,0.00019706610886520214,265.358747,34.0,,,
30388.0,WISEA J174657.35+281453.5,0.0001969103633546039,267.098297,28.0,,,
31935.0,CGCG 171-003,0.00019683856116005003,266.915017,33.0,,,
25714.0,WISEA J183219.90+140024.1,0.00019676296891590073,278.248608,14.0,,,
33409.0,WISEA J185601.86+380929.2,0.00019673893685888717,283.734317,38.0,,,
33108.0,WISEA J173211.13+363424.9,0.00019615048692920304,263.428796,37.0,,,
36023.0,UGC 11217,0.00019578262220751308,276.291422,48.0,,,
34765.0,WISEA J181138.82+432545.3,0.00019576421619716896,273.358905,43.0,,,
26059.0,WISEA J181617.20+145353.9,0.00019550644453586504,274.361437,15.0,,,
34232.0,WISEA J181507.40+412507.9,0.00019536918335267628,273.812399,41.0,,,
28768.0,NGC 6482,0.00019461978670334045,268.157693,23.0,,,
30698.0,WISEA J172046.61+284022.0,0.0001941630728560709,260.304115,29.0,,,
26752.0,WISEA J182737.82+170100.0,0.00019363922434317298,276.877839,17.0,,,
35294.0,MCG +07-40-006,0.00019355593717892804,292.004955,45.0,,,
33403.0,WISEA J182327.90+374554.3,0.00019314252308594664,276.120208,38.0,,,
29424.0,CGCG 141-016,0.0001925944827144175,267.45044,25.0,,,
33680.0,WISEA J180028.41+390336.0,0.00019240809099970932,270.731128,39.0,,,
33676.0,ARK 525,0.0001921577282336507,265.58409,39.0,,,
35028.0,WISEA J182918.00+440946.6,0.00019184539381895282,277.099779,44.0,,,
27085.0,WISEA J174631.19+175327.8,0.00019183136051765794,266.892107,18.0,,,
26396.0,WISEA J174047.91+154901.2,0.0001911010442468799,265.196715,16.0,,,
31634.0,B2 1752+32B,0.00019069490514333776,268.728713,32.0,,,
25365.0,WISEA J183457.71+125333.6,0.00019023877744364954,278.465746,13.0,,,
34228.0,MCG +07-37-001,0.00019010785901049773,268.512347,41.0,,,
28426.0,UGC 10728,0.000189269007594387,256.887993,22.0,,,
31324.0,WISEA J173313.03+310323.7,0.00018924475131477564,263.86422,31.0,,,
33955.0,WISEA J175144.89+395905.4,0.00018923274925122493,268.264707,40.0,,,
36016.0,WISEA J174240.25+473830.3,0.00018907529773310057,265.830086,48.0,,,
31023.0,WISEA J181839.38+295853.5,0.00018890721987941967,274.527208,30.0,,,
30385.0,WISEA J173649.74+273622.3,0.00018842765134910097,263.700587,28.0,,,
25360.0,WISEA J181449.30+132545.7,0.00018817862759525886,273.334225,13.0,,,
26051.0,CGCG 083-020,0.0001875135821009756,266.079228,15.0,,,
30070.0,WISEA J175119.68+272025.5,0.00018751264136907659,267.438066,27.0,,,
31941.0,CGCG 172-020,0.00018635272124432306,274.069197,33.0,,,
31948.0,CGCG 201-036,0.00018524211341757,282.41574,33.0,,,
25354.0,WISEA J174924.69+133302.9,0.0001843904690447813,267.176401,13.0,,,
33123.0,WISEA J184919.18+363908.7,0.00018421424753339868,282.210831,37.0,,,
35526.0,WISEA J173857.21+461757.8,0.00018376502672366374,264.755647,46.0,,,
30707.0,WISEA J180214.31+285712.2,0.0001834122217435053,270.594302,29.0,,,
36496.0,WISEA J184526.44+493922.8,0.00018326784034384137,280.76659,50.0,,,
34515.0,CGCG 230-022,0.0001831143316883815,292.646265,42.0,,,
31636.0,WISEA J180617.28+315204.7,0.00018298079286102633,271.087069,32.0,,,
34504.0,WISEA J183109.99+421004.6,0.00018296350345177383,277.844305,42.0,,,
26064.0,WISEA J183921.13+144936.0,0.0001824320904791274,279.537818,15.0,,,
27433.0,WISEA J181744.60+184450.2,0.00018174744653907105,274.884824,19.0,,,
28433.0,WISEA J173732.83+221724.8,0.00018158886049613097,264.437736,22.0,,,
28108.0,WISEA J182242.29+205947.7,0.00018098834716164541,275.264996,21.0,,,
31628.0,CGCG 170-031,0.00018058663205049709,261.653642,32.0,,,
31643.0,WISEA J183507.00+321726.8,0.0001800888830038361,279.341318,32.0,,,
27081.0,WISEA J173202.58+175659.2,0.00017992239185251406,262.686258,18.0,,,
34773.0,WISEA J185655.35+430151.9,0.0001792235613248244,284.297525,43.0,,,
33118.0,WISEA J182254.55+373004.0,0.00017864683031891955,275.950153,37.0,,,
29433.0,WISEA J182918.91+252402.4,0.00017847934029895055,277.380841,25.0,,,
26052.0,WISEA J174652.89+151228.4,0.00017843701301488665,267.114504,15.0,,,
36256.0,WISEA J180005.32+484820.2,0.00017826621180322462,269.500866,49.0,,,
36265.0,WISEA J185223.77+483649.0,0.00017816433295702672,283.219143,49.0,,,
35536.0,WISEA J183542.11+455817.0,0.00017784903833779455,279.151213,46.0,,,
27775.0,UGC 11294,0.0001773603277670622,278.729768,20.0,,,
31027.0,WISEA J183546.09+292900.2,0.00017705285761258525,279.14601,30.0,,,
26747.0,WISEA J180629.32+165319.3,0.0001768717536919512,271.64938,17.0,,,
35283.0,WISEA J182655.34+450442.0,0.0001761635099671532,276.448606,45.0,,,
32538.0,WISEA J182534.39+344930.1,0.00017597258348589368,276.902417,35.0,,,
35024.0,MCG +07-37-021,0.00017589138684088722,271.539124,44.0,,,
34499.0,WISEA J180415.33+414253.9,0.00017541648895259813,271.116141,42.0,,,
33963.0,WISEA J183704.68+395331.6,0.0001746914963013364,278.707965,40.0,,,
30080.0,WISEA J183343.24+271718.9,0.0001741267111762787,278.661328,27.0,,,
29428.0,WISEA J180827.78+244205.0,0.00017382807241271764,271.863951,25.0,,,
27425.0,CGCG 112-032,0.00017380861874149672,266.423859,19.0,,,
33687.0,WISEA J183918.52+390252.6,0.0001737400290663818,279.738445,39.0,,,
36027.0,WISEA J184838.36+482122.5,0.0001734149375253072,282.269328,48.0,,,
35278.0,CGCG 254-003,0.00017282994552502345,269.377538,45.0,,,
27083.0,WISEA J173955.18+173301.1,0.0001719696541209058,264.789183,18.0,,,
31630.0,WISEA J173742.72+314319.2,0.00017187415257008203,264.011999,32.0,,,
29429.0,WISEA J180949.58+244457.1,0.00017178654395783355,272.967329,25.0,,,
30396.0,WISEA J182310.83+272828.9,0.00017094587134221527,276.158857,28.0,,,
35774.0,WISEA J174531.06+473248.6,0.0001709171267877297,266.101854,47.0,,,
33112.0,WISEA J175151.94+372832.5,0.0001704092287532586,268.437339,37.0,,,
27423.0,WISEA J173535.43+185604.6,0.00017036745369651782,264.308617,19.0,,,
35532.0,WISEA J181536.66+455028.0,0.00017017465906083557,273.392987,46.0,,,
29754.0,WISEA J181331.78+255613.4,0.0001699586521861923,273.934443,26.0,,,
25013.0,WISEA J183027.66+113209.4,0.00016994921801943114,277.76934,12.0,,,
28436.0,WISEA J174901.41+215355.0,0.0001697141034809209,267.67334,22.0,,,
33961.0,WISEA J182341.25+395717.5,0.0001695388517900782,276.097151,40.0,,,
33392.0,WISEA J173019.23+380435.4,0.00016856803972961065,262.161008,38.0,,,
35292.0,CGCG 229-034,0.00016856335260935254,289.176528,45.0,,,
34770.0,WISEA J184112.33+423616.2,0.00016790355154282645,280.195542,43.0,,,
30706.0,WISEA J175635.11+290513.8,0.0001678028027190805,269.450947,29.0,,,
26739.0,WISEA J173200.93+171146.6,0.00016768108816674992,263.283846,17.0,,,
30071.0,WISEA J175609.79+270226.6,0.00016757046145357473,268.560392,27.0,,,
28431.0,WISEA J172833.32+212840.4,0.0001674118059879002,262.280666,22.0,,,
29746.0,WISEA J174153.85+255651.5,0.00016621500817105725,265.033628,26.0,,,
33684.0,WISEA J182232.40+391548.7,0.00016615614302475587,275.878167,39.0,,,
35784.0,WISEA J184157.33+472231.8,0.0001661218974850372,280.764646,47.0,,,
36029.0,CGCG 255-023,0.00016583185042206135,285.258281,48.0,,,
32534.0,CGCG 200-007,0.00016569629328810103,272.019318,35.0,,,
25359.0,WISEA J180955.18+133019.5,0.0001643503465991924,272.307921,13.0,,,
25008.0,WISEA J180915.87+122218.7,0.00016372036836165502,272.657637,12.0,,,
32238.0,WISEA J180358.89+335010.5,0.000162635870034313,271.389837,34.0,,,
34508.0,CGCG 229-004,0.00016232654244686143,283.226836,42.0,,,
27440.0,IC 4791,0.00016225968589552052,282.288169,19.0,,,
33679.0,WISEA J175749.67+391549.2,0.00016222607881808188,269.444369,39.0,,,
35790.0,WISEA J191534.98+464541.3,0.0001615823714998198,289.562321,47.0,,,
26405.0,WISEA J181823.56+154040.4,0.00016153065670176041,274.559409,16.0,,,
31334.0,WISEA J182411.07+304041.5,0.00016133196509530206,275.530554,31.0,,,
33965.0,WISEA J184601.66+394822.3,0.00016104137258158793,281.31878,40.0,,,
32536.0,WISEA J181600.42+352110.5,0.00016071958419905356,274.460867,35.0,,,
31938.0,CGCG 199-035,0.00016028423159984045,270.492107,33.0,,,
32525.0,CGCG 198-042,0.00016027479460677636,261.032347,35.0,,,
26754.0,WISEA J183523.68+164524.1,0.00015988450891687558,278.969222,17.0,,,
30700.0,WISEA J173036.69+285754.2,0.00015986917719553213,262.590823,29.0,,,
30391.0,WISEA J180020.82+275614.0,0.0001596536123581203,270.496007,28.0,,,
26740.0,WISEA J173555.59+170117.6,0.00015934897922429325,264.329538,17.0,,,
31639.0,WISEA J181815.87+320929.4,0.00015933714214046653,274.624605,32.0,,,
35285.0,CGCG 228-016,0.00015923816204900786,279.277033,45.0,,,
36720.0,WISEA J181821.45+504307.4,0.00015894137821948813,275.351788,51.0,,,
29739.0,WISEA J171018.71+255104.3,0.0001589010103237975,257.245414,26.0,,,
33979.0,MCG +07-41-002,0.00015878308100067875,299.594482,40.0,,,
35531.0,WISEA J180748.29+453107.8,0.0001583630504858908,271.95343,46.0,,,
32824.0,WISEA J175517.94+360824.9,0.00015824691328831592,269.406908,36.0,,,
28773.0,WISEA J181515.81+225637.9,0.0001581936334818605,273.589495,23.0,,,
35277.0,WISEA J175014.04+445124.5,0.00015784433137244956,267.963325,45.0,,,
27442.0,WISEA J185934.75+190621.5,0.00015779839337675495,284.40341,19.0,,,
35284.0,WISEA J183118.65+452120.2,0.00015729016368923562,277.86282,45.0,,,
30075.0,WISEA J181309.42+263606.1,0.00015691892039484506,273.049697,27.0,,,
35027.0,WISEA J182430.24+433302.6,0.00015680476482584732,275.709615,44.0,,,
26063.0,WISEA J183446.23+145907.3,0.0001567322032686299,278.502542,15.0,,,
27773.0,WISEA J182703.88+193243.9,0.00015654827992053383,276.601413,20.0,,,
33105.0,UGC 10785,0.00015609966725670926,259.672389,37.0,,,
27429.0,WISEA J180117.90+192518.9,0.00015582671101646909,270.654341,19.0,,,
34520.0,WISEA J195804.84+421216.3,0.00015577198622943213,299.374429,42.0,,,
33398.0,WISEA J180026.36+380907.8,0.00015573504331897346,269.775117,38.0,,,
27764.0,WISEA J174834.46+202355.0,0.00015551228044669412,267.023813,20.0,,,
35040.0,WISEA J193308.67+440509.8,0.00015537208106862187,293.781742,44.0,,,
34772.0,WISEA J185243.34+432836.6,0.00015446669781337598,282.930197,43.0,,,
26399.0,WISEA J175202.38+160736.8,0.00015381752938953562,268.317613,16.0,,,
27760.0,WISEA J173244.45+200904.9,0.00015354064276858805,262.767102,20.0,,,
36942.0,WISEA J181322.13+520603.7,0.00015343008658042924,273.156801,52.0,,,
23240.0,WISEA J183030.34+065303.8,0.0001520637819329699,277.808634,7.0,,,
36253.0,WISEA J174039.00+482839.0,0.0001519617687280714,264.928106,49.0,,,
26749.0,WISEA J181352.26+163445.7,0.00015130387074572697,273.740763,17.0,,,
35527.0,CGCG 253-036,0.00015118750681759253,266.195204,46.0,,,
31640.0,WISEA J182212.09+322352.2,0.00015072130447725809,275.803783,32.0,,,
34493.0,WISEA J173317.87+420657.5,0.0001506504726990429,263.042345,42.0,,,
30697.0,UGC 10772,0.00015044053360020526,259.160761,29.0,,,
30708.0,WISEA J180816.96+292543.2,0.00015007264442643898,271.737656,29.0,,,
33109.0,WISEA J174111.53+365443.8,0.00014977708694061129,264.680932,37.0,,,
28096.0,WISEA J172850.54+211242.2,0.00014953649544079315,262.411257,21.0,,,
28774.0,WISEA J181656.26+232451.2,0.0001491019009625927,274.675855,23.0,,,
34226.0,WISEA J174212.77+405953.5,0.0001488366455570289,265.862321,41.0,,,
36267.0,WISEA J190651.52+483823.4,0.00014851661609874885,286.26765,49.0,,,
25015.0,WISEA J184008.19+123245.1,0.00014841812493943774,279.814021,12.0,,,
36716.0,NGC 6515,0.00014836305158283462,268.995725,51.0,,,
36721.0,WISEA J182513.91+511040.3,0.0001482994516843812,276.940804,51.0,,,
27768.0,WISEA J180515.28+192858.9,0.00014828407818783058,271.280524,20.0,,,
32822.0,WISEA J174652.21+355811.8,0.0001480645778292952,266.934772,36.0,,,
27758.0,WISEA J172307.54+202131.4,0.0001480564661992478,260.638746,20.0,,,
36493.0,WISEA J182722.32+495254.1,0.00014804163490902703,276.099418,50.0,,,
28771.0,WISEA J180610.44+232740.5,0.0001480404000050334,271.416774,23.0,,,
29753.0,WISEA J181027.76+262909.8,0.00014801496123893184,272.821841,26.0,,,
35301.0,WISEA J200553.76+445712.7,0.00014769099236746144,301.90445,45.0,,,
31328.0,WISEA J175423.41+303423.9,0.00014664802350123187,268.530754,31.0,,,
28760.0,WISEA J171658.28+232332.2,0.00014651598580348523,259.46681,23.0,,,
34766.0,WISEA J181741.76+431333.7,0.00014620886833929713,274.726232,43.0,,,
28097.0,WISEA J173325.49+205152.0,0.00014604482272680748,263.482402,21.0,,,
34495.0,WISEA J174408.23+414231.7,0.0001458282979183613,265.73361,42.0,,,
27759.0,WISEA J172809.79+200111.1,0.00014566829071321116,261.702924,20.0,,,
25709.0,WISEA J181146.38+140836.4,0.00014499463126073662,273.09554,14.0,,,
28438.0,WISEA J175739.32+221234.5,0.00014458272098130543,269.83041,22.0,,,
33957.0,WISEA J180349.32+401442.6,0.00014446002289082916,270.875522,40.0,,,
32530.0,WISEA J174949.94+344917.3,0.00014434403043311577,267.13622,35.0,,,
29105.0,WISEA J182614.27+234959.3,0.00014397317676650905,276.240887,24.0,,,
35529.0,2MFGC 14110,0.00014337788671827366,269.074317,46.0,,,
34234.0,WISEA J182402.11+404401.9,0.00014336375239517722,276.462425,41.0,,,
34768.0,WISEA J182827.24+425700.5,0.0001430892666539381,277.460887,43.0,,,
26407.0,WISEA J182813.44+155525.7,0.00014306181697959763,276.640008,16.0,,,
30705.0,WISEA J175315.02+290418.0,0.00014278138671302656,268.307593,29.0,,,
34227.0,WISEA J175116.42+405603.0,0.00014245885020963076,267.187334,41.0,,,
30709.0,WISEA J181114.11+283439.5,0.00014232782267649107,272.88101,29.0,,,
31018.0,WISEA J175336.44+300318.1,0.00014212778620178553,268.753705,30.0,,,
36257.0,WISEA J180251.88+485357.6,0.00014207389954277446,271.025119,49.0,,,
36490.0,CGCG 254-018,0.00014203689889576626,271.432247,50.0,,,
27077.0,WISEA J171459.31+182626.7,0.00014159970645046997,258.480409,18.0,,,
37158.0,WISEA J180046.17+524708.6,0.0001410446231824693,270.077091,53.0,,,
27080.0,WISEA J172445.73+182105.0,0.00014104166111512047,261.634796,18.0,,,
32228.0,CGCG 198-035 NED02,0.00014094998373719353,259.327657,34.0,,,
36022.0,WISEA J181947.78+475642.7,0.0001409475273419374,274.796945,48.0,,,
29743.0,LSBC F520-01,0.0001408111102831139,261.695822,26.0,,,
32537.0,WISEA J182403.27+351451.8,0.0001407546103283179,275.681642,35.0,,,
24660.0,WISEA J182756.92+111558.1,0.0001405556621824103,277.074855,11.0,,,
34514.0,WISEA J192718.62+414050.6,0.0001405213455557974,291.300632,42.0,,,
36031.0,WISEA J191002.60+480837.3,0.00014051903810293183,288.247234,48.0,,,
33678.0,WISEA J175326.81+383533.2,0.00014049234603505424,268.157609,39.0,,,
36258.0,MCG +08-33-022,0.0001396312911899542,272.549372,49.0,,,
36024.0,WISEA J183210.55+481425.2,0.0001396239378707663,277.785898,48.0,,,
26397.0,WISEA J174426.59+162131.3,0.00013958542623085127,266.237014,16.0,,,
33956.0,MRK 1120,0.0001393696477691277,269.570114,40.0,,,
24648.0,UGC 10918,0.0001389868915207063,264.850255,11.0,,,
32828.0,WISEA J181552.42+360614.0,0.00013879732575436068,274.351179,36.0,,,
24652.0,WISEA J175623.85+110706.8,0.00013859457409026488,268.925122,11.0,,,
30061.0,WISEA J170853.18+272953.9,0.00013826984297306494,257.337129,27.0,,,
23953.0,WISEA J183324.60+085029.6,0.00013823334980419226,278.567382,9.0,,,
24651.0,WISEA J175145.70+103355.0,0.00013812149494113444,267.906405,11.0,,,
26060.0,WISEA J182243.27+143736.9,0.0001379175765351617,275.396714,15.0,,,
30715.0,WISEA J183747.12+291121.4,0.00013784392957032923,279.741134,29.0,,,
35543.0,WISEA J191546.36+461548.7,0.00013779477039661123,289.228109,46.0,,,
32229.0,WISEA J172431.91+333711.7,0.0001376252417471008,260.533875,34.0,,,
36261.0,WISEA J182820.48+491442.6,0.00013754523258588194,277.122131,49.0,,,
29087.0,WISEA J170624.36+240642.5,0.00013736728646485146,256.537434,24.0,,,
25361.0,WISEA J181650.27+130922.9,0.0001372918310657874,274.36053,13.0,,,
32820.0,MCG +06-39-001,0.00013710070447537116,264.462636,36.0,,,
34496.0,WISEA J175036.70+420444.3,0.00013706174836968207,267.079243,42.0,,,
34777.0,MCG +07-39-022,0.00013671900234780727,289.766834,43.0,,,
33951.0,WISEA J173443.86+401527.9,0.00013588775476291055,263.043078,40.0,,,
34759.0,CGCG 226-036,0.00013554454199191855,265.15494,43.0,,,
29414.0,UGC 10702,0.00013543612004789462,256.416661,25.0,,,
27765.0,WISEA J175341.88+195331.8,0.00013539455793047458,268.08799,20.0,,,
25005.0,WISEA J175718.36+120215.1,0.00013534830805175612,269.590615,12.0,,,
35291.0,CGCG 256-010,0.00013533808557435921,287.762315,45.0,,,
27086.0,WISEA J175017.17+175023.6,0.0001351561785881451,267.943569,18.0,,,
32243.0,WISEA J182933.57+334623.3,0.00013508045527649493,277.420927,34.0,,,
28093.0,WISEA J171804.76+210435.4,0.00013492227813924264,259.197822,21.0,,,
35530.0,WISEA J180051.12+454349.7,0.00013478595350346632,270.513874,46.0,,,
28434.0,WISEA J174054.60+215040.7,0.00013452571864925014,265.516271,22.0,,,
28763.0,UGC 10878,0.00013451419180945088,262.725891,23.0,,,
27095.0,WISEA J182820.12+174129.0,0.00013449050806605995,277.406729,18.0,,,
32246.0,WISEA J184530.86+333310.7,0.00013394958147863042,281.039581,34.0,,,
25004.0,WISEA J175456.52+123024.1,0.00013381435056192688,268.568275,12.0,,,
28776.0,WISEA J182811.84+223957.2,0.0001338043015949394,276.848576,23.0,,,
27089.0,WISEA J180626.45+175142.6,0.00013348551809253754,271.097956,18.0,,,
31020.0,WISEA J180409.85+294118.6,0.00013293561792419175,271.063107,30.0,,,
28094.0,WISEA J172138.56+204738.6,0.00013201991533830538,260.268967,21.0,,,
36715.0,CGCG 278-037,0.00013185789565812333,267.40671,51.0,,,
35290.0,WISEA J190321.77+445257.0,0.00013151909471325354,286.348101,45.0,,,
33675.0,UGC 10933,0.00013083998407934956,264.297331,39.0,,,
29419.0,FGC 2136,0.00013083497925971794,261.93355,25.0,,,
32533.0,CGCG 199-036,0.00013062776686386757,270.798544,35.0,,,
32542.0,WISEA J184832.25+351554.3,0.00013059214426317778,281.785515,35.0,,,
24656.0,WISEA J181322.57+112928.7,0.00013049988949239083,272.999989,11.0,,,
34505.0,WISEA J183850.63+414053.7,0.00013017397847956495,279.189938,42.0,,,
29102.0,2MFGC 14266,0.00012987570401714964,272.956978,24.0,,,
30381.0,MCG +05-41-001 NOTES1,0.00012984401888020035,259.170306,28.0,,,
32230.0,WISEA J172621.02+333232.6,0.00012979859053519397,261.740093,34.0,,,
31943.0,WISEA J182720.31+333000.4,0.00012943739597331757,276.453923,33.0,,,
32234.0,WISEA J174544.20+342007.6,0.00012932333839328015,266.564965,34.0,,,
26750.0,WISEA J182058.94+170055.7,0.00012927550829793736,274.786455,17.0,,,
36943.0,WISEA J181615.46+513756.4,0.00012918280509582907,274.78107,52.0,,,
35281.0,WISEA J181519.28+443010.1,0.00012911528319312389,273.620179,45.0,,,
29432.0,WISEA J182339.13+251436.8,0.00012884344082689413,276.277463,25.0,,,
28759.0,NGC 6308,0.00012855349083973363,258.38045,23.0,,,
33953.0,WISEA J174119.77+402110.4,0.0001283489865140763,265.653892,40.0,,,
30081.0,WISEA J184037.18+265810.4,0.00012830790003263526,279.783654,27.0,,,
31936.0,WISEA J175418.74+324006.9,0.00012819011876140024,268.10738,33.0,,,
29104.0,2MFGC 14327,0.0001281715444280985,275.146251,24.0,,,
28766.0,WISEA J174349.48+222843.1,0.00012788376420418655,265.984972,23.0,,,
34516.0,WISEA J193632.63+412805.7,0.0001275009708836433,293.991898,42.0,,,
29738.0,UGC 10696,0.00012746119599830167,256.132812,26.0,,,
34517.0,WISEA J194108.96+421039.2,0.00012736493632767624,295.337531,42.0,,,
26394.0,WISEA J173349.36+154208.2,0.000127309272013541,263.116116,16.0,,,
35786.0,WISEA J185438.79+470147.1,0.0001271349720218383,283.697204,47.0,,,
26745.0,WISEA J175922.56+171529.6,0.00012699671877361464,269.557996,17.0,,,
29744.0,WISEA J173130.99+252933.5,0.00012641670442025817,262.808424,26.0,,,
34222.0,NGC 6363,0.00012620997849667757,260.562269,41.0,,,
34225.0,WISEA J173920.05+405242.3,0.00012597947320810808,264.537308,41.0,,,
27419.0,WISEA J171854.69+183630.3,0.00012593358296041212,260.078135,19.0,,,
32539.0,WISEA J183229.82+345454.7,0.00012585135170686194,278.123191,35.0,,,
35539.0,CGCG 255-018,0.00012581128399553507,283.469883,46.0,,,
33967.0,CGCG 229-003,0.00012578905049022201,283.929594,40.0,,,
34519.0,WISEA J195110.01+420013.5,0.00012573652274741598,298.028796,42.0,,,
26743.0,WISEA J175154.65+171417.9,0.00012552589534595127,267.466613,17.0,,,
30704.0,2MFGC 14049,0.00012550734689093556,267.164239,29.0,,,
25713.0,WISEA J182700.49+142030.1,0.00012537617492995563,277.217995,14.0,,,
31329.0,WISEA J180048.08+310552.7,0.0001249510274214534,269.697387,31.0,,,
36260.0,WISEA J182140.28+491330.4,0.00012457695307862155,275.597878,49.0,,,
30379.0,WISEA J170934.80+275821.5,0.00012376705161868228,256.905166,28.0,,,
36021.0,WISEA J181417.60+481224.9,0.00012373830292977168,273.302469,48.0,,,
31332.0,WISEA J181131.89+313126.5,0.00012328449562746505,273.197287,31.0,,,
35545.0,WISEA J192735.97+453111.2,0.00012328297969345397,292.107222,46.0,,,
31331.0,MCG +05-43-002,0.00012287188871600181,272.030654,31.0,,,
29747.0,WISEA J174409.95+260648.4,0.00012233252670140185,266.146229,26.0,,,
30062.0,WISEA J171332.16+272535.8,0.00012230198968189346,258.459456,27.0,,,
34251.0,MCG +07-41-001,0.00012220082338671966,298.987646,41.0,,,
30079.0,WISEA J183204.48+272736.9,0.000121788930067027,277.539002,27.0,,,
37373.0,WISEA J181106.10+532757.5,0.00012100777500178152,272.58166,54.0,,,
29090.0,CGCG 140-006,0.00012088414670037249,259.821343,24.0,,,
33404.0,WISEA J183000.29+382149.3,0.00012081709769270353,277.389226,38.0,,,
26054.0,CGCG 084-009 NED02,0.0001208112030180279,269.185057,15.0,,,
26404.0,WISEA J181334.55+153525.1,0.00012011748923482652,273.51911,16.0,,,
34781.0,WISEA J194232.31+424632.1,0.00011986515658467248,295.236144,43.0,,,
31015.0,WISEA J174326.00+302111.2,0.00011962825285363632,265.289604,30.0,,,
29757.0,WISEA J182818.26+252915.5,0.00011961634954416483,277.272249,26.0,,,
30083.0,2MFGC 14589,0.000119516391745609,282.028307,27.0,,,
26735.0,WISEA J171756.02+163409.3,0.00011949194891433154,259.101079,17.0,,,
30711.0,WISEA J181903.00+290730.0,0.00011938783300537937,275.167718,29.0,,,
29740.0,WISEA J171505.21+261528.0,0.00011935913187584327,258.358016,26.0,,,
28435.0,WISEA J174509.99+214956.8,0.00011923895079323493,266.594805,22.0,,,
29755.0,WISEA J182108.26+253147.1,0.00011899875087810207,275.047045,26.0,,,
25702.0,CGCG 083-019,0.00011892898609689978,265.881245,14.0,,,
27420.0,WISEA J172326.92+185442.3,0.00011884568943819842,261.135755,19.0,,,
33401.0,WISEA J181207.33+382257.9,0.00011875907683110583,273.582171,38.0,,,
31338.0,WISEA J183936.71+313351.4,0.00011874785286886926,280.197088,31.0,,,
32244.0,WISEA J183220.51+341644.9,0.00011865468457020436,278.627145,34.0,,,
30387.0,WISEA J174220.34+275000.6,0.00011842453661513613,265.965727,28.0,,,
33396.0,WISEA J174806.35+380239.4,0.00011815476817405888,267.23708,38.0,,,
33970.0,WISEA J191028.14+403315.5,0.00011782099893608644,287.845816,40.0,,,
29092.0,CGCG 140-033,0.0001177515279690159,262.010615,24.0,,,
29761.0,WISEA J184534.72+255951.2,0.00011759248421639264,281.722657,26.0,,,
35538.0,WISEA J185050.36+454527.1,0.00011711114545187449,282.030326,46.0,,,
35792.0,UGC 11450,0.0001169255651267692,292.494879,47.0,,,
36030.0,WISEA J190800.49+473127.9,0.00011651738630158827,286.752758,48.0,,,
31638.0,WISEA J181413.67+323338.7,0.00011643163480454241,273.445426,32.0,,,
27756.0,WISEA J171543.33+195824.2,0.00011587290873579141,258.510391,20.0,,,
36264.0,WISEA J184732.24+490147.0,0.0001157442231378591,281.69489,49.0,,,
27418.0,WISEA J171715.10+192642.5,0.00011563711151061142,259.020514,19.0,,,
25716.0,WISEA J184107.31+133808.4,0.00011548947486290558,280.309836,14.0,,,
25009.0,WISEA J181552.01+120216.5,0.00011516712481415358,273.679978,12.0,,,
27088.0,WISEA J180033.22+180901.2,0.00011510776991523681,270.046494,18.0,,,
31337.0,WISEA J183657.70+304228.7,0.00011415964644198855,279.030454,31.0,,,
29100.0,WISEA J180424.59+240024.1,0.00011405433354944034,270.767705,24.0,,,
31947.0,LCSB S2406O,0.0001140001744534273,281.223376,33.0,,,
35537.0,WISEA J184357.72+453840.9,0.0001139657784770506,280.590769,46.0,,,
34771.0,CGCG 228-026,0.0001137393579854342,281.56287,43.0,,,
34248.0,WISEA J194043.11+405431.8,0.00011354170591527918,295.012607,41.0,,,
30382.0,WISEA J172226.71+281834.8,0.00011324234425798407,260.302877,28.0,,,
24306.0,WISEA J182458.72+095522.4,0.00011298118824475165,276.629487,10.0,,,
26057.0,WISEA J180926.20+152712.4,0.00011276804322707784,272.290885,15.0,,,
30392.0,WISEA J180833.58+280903.2,0.00011264035240815669,271.628577,28.0,,,
34761.0,WISEA J174949.26+424343.1,0.0001125897871085217,267.889595,43.0,,,
34497.0,WISEA J175519.98+422007.3,0.00011257384129150262,268.424876,42.0,,,
26047.0,2MFGC 13880,0.00011254350482626583,261.938123,15.0,,,
27437.0,WISEA J183655.16+182949.8,0.00011209563538533104,279.115307,19.0,,,
31320.0,CGCG 170-006,0.00011175625372487898,259.197686,31.0,,,
28098.0,WISEA J173632.62+205239.0,0.00011174382006365344,264.553547,21.0,,,
33408.0,WISEA J185103.51+380712.8,0.00011173473187267081,282.465299,38.0,,,
33399.0,WISEA J180445.58+373316.6,0.00011158239486579028,271.044135,38.0,,,
32818.0,WISEA J172540.64+361008.9,0.00011137340763610432,261.9905,36.0,,,
28429.0,CGCG 140-007,0.00011084717540700648,260.123597,22.0,,,
28427.0,WISEA J171231.89+221909.1,0.00011081847096999953,257.966527,22.0,,,
32245.0,WISEA J184034.30+340220.7,0.00011057827460602361,279.833363,34.0,,,
28110.0,WISEA J182759.16+211324.6,0.00011055088325428937,277.407286,21.0,,,
26056.0,WISEA J180659.74+145416.5,0.00011050959217531706,271.255609,15.0,,,
28432.0,WISEA J173243.28+221208.2,0.00011040448564848598,263.359201,22.0,,,
33400.0,WISEA J181139.76+375533.5,0.00011001872741219195,272.313153,38.0,,,
25358.0,WISEA J180433.93+130549.5,0.0001096042242224878,271.281617,13.0,,,
27094.0,WISEA J182718.54+174905.1,0.00010954051914207568,276.355267,18.0,,,
31937.0,NGC 6504,0.00010945245666561473,269.299743,33.0,,,
34231.0,WISEA J180911.40+411354.1,0.00010919199161610977,272.487386,41.0,,,
36488.0,WISEA J175437.83+494842.2,0.00010872471052000199,268.320799,50.0,,,
35534.0,2MFGC 14372,0.00010863802026832157,276.2721,46.0,,,
28109.0,WISEA J182449.45+203759.8,0.00010859134155799023,276.336141,21.0,,,
35018.0,IC 1262,0.00010837974014630502,263.198143,44.0,,,
32541.0,WISEA J184050.91+345506.3,0.00010822862961021858,280.56474,35.0,,,
31339.0,WISEA J184635.55+311955.5,0.00010803637510455081,281.363721,31.0,,,
25712.0,WISEA J182343.44+134843.5,0.00010797827984521908,276.187381,14.0,,,
33690.0,WISEA J185235.26+384737.7,0.0001079061210798955,283.598724,39.0,,,
35026.0,WISEA J181835.84+434123.2,0.00010787760643995805,274.319452,44.0,,,
30699.0,NGC 6364,0.00010782456667881747,261.447469,29.0,,,
32831.0,WISEA J183153.99+360536.6,0.00010782373027747115,278.059383,36.0,,,
25364.0,WISEA J183020.20+132150.4,0.00010740461626874406,277.439442,13.0,,,
35036.0,WISEA J191346.67+440106.6,0.00010734594846044283,288.221088,44.0,,,
31929.0,WISEA J171739.06+324215.5,0.00010660581232868373,259.760837,33.0,,,
35773.0,WISEA J173807.69+465953.3,0.0001060252036920911,264.635575,47.0,,,
31932.0,WISEA J173232.22+332719.1,0.00010594033286411535,263.337927,33.0,,,
29426.0,WISEA J180021.14+245443.0,0.00010583081819191611,269.657196,25.0,,,
34513.0,WISEA J192118.22+414616.4,0.00010543397463213162,289.955,42.0,,,
26391.0,2MFGC 13824,0.00010536719362463633,259.995217,16.0,,,
27769.0,WISEA J181107.79+194008.8,0.00010526960969466754,272.344702,20.0,,,
36262.0,WISEA J183726.21+491519.1,0.00010519263995673175,278.646384,49.0,,,
32236.0,WISEA J175333.10+340608.5,0.00010516118509037638,268.977401,34.0,,,
27436.0,WISEA J183216.87+182728.2,0.00010496561134852788,278.057686,19.0,,,
27426.0,WISEA J174958.57+185227.3,0.00010465732626561481,267.481479,19.0,,,
27770.0,WISEA J181140.37+201614.7,0.00010437286568152519,273.408879,20.0,,,
35022.0,WISEA J175223.78+434229.6,0.00010422839137678494,268.758797,44.0,,,
35039.0,WISEA J192759.37+440120.2,0.00010409497881683796,292.391578,44.0,,,
36489.0,WISEA J175844.67+501400.0,0.00010394588393820126,269.876523,50.0,,,
30695.0,WISEA J170526.79+283604.4,0.00010340970826164414,256.874053,29.0,,,
36492.0,WISEA J181520.07+494449.7,0.00010332444673162493,274.543694,50.0,,,
35541.0,WISEA J190238.73+460950.2,0.00010312501327590106,286.348996,46.0,,,
29089.0,WISEA J171444.56+234755.4,0.00010284277457805655,258.726706,24.0,,,
28762.0,WISEA J172702.00+232127.4,0.00010277694148513064,261.639531,23.0,,,
30068.0,WISEA J173858.24+263958.3,0.00010275989998725777,265.193413,27.0,,,
26050.0,WISEA J174134.91+145003.4,0.00010272136692900875,265.043952,15.0,,,
31325.0,WISEA J174007.70+312833.5,0.00010254713841696946,265.030853,31.0,,,
26065.0,WISEA J184054.73+145212.8,0.00010248600272588344,280.573095,15.0,,,
33116.0,WISEA J181522.93+372444.7,0.00010241744771462453,273.445882,37.0,,,
30084.0,NGC 6710,0.00010211490576240973,283.150633,27.0,,,
26402.0,WISEA J180737.64+160947.4,0.00010206629184476787,271.438511,16.0,,,
29106.0,WISEA J183111.21+242345.1,0.00010192855987149124,277.335523,24.0,,,
30400.0,WISEA J184253.39+273602.8,0.00010189456665264402,280.689137,28.0,,,
33671.0,WISEA J171747.51+383707.5,0.00010189309817866387,259.150292,39.0,,,
34756.0,WISEA J172554.06+423730.2,0.00010170119843760057,261.052958,43.0,,,
35017.0,CGCG 226-022,0.0001016554632383793,261.807979,44.0,,,
28439.0,WISEA J180409.47+215906.5,0.00010163919088714876,270.908944,22.0,,,
28443.0,WISEA J182030.17+223328.0,0.00010153803562966104,275.223083,22.0,,,
30393.0,WISEA J181017.55+273155.1,0.0001012206982528792,272.761147,28.0,,,
33962.0,WISEA J182910.83+402742.3,0.00010106109174899395,277.402558,40.0,,,
30696.0,KUG 1708+286,0.00010064565725430753,258.017407,29.0,,,
35776.0,WISEA J175836.32+470557.4,0.00010060721613894757,269.034412,47.0,,,
31627.0,WISEA J172340.60+315135.2,0.00010043781571092684,260.474464,32.0,,,
33121.0,WISEA J183809.05+373002.7,0.00010035995234452565,279.70656,37.0,,,
26393.0,NGC 6375,0.0001000911940699103,262.075816,16.0,,,
26408.0,WISEA J183205.73+162347.2,9.981575529758726e-05,277.680308,16.0,,,
25350.0,CGCG 083-001,9.976985680282589e-05,263.071184,13.0,,,
34776.0,WISEA J191441.56+431027.8,9.941427302355467e-05,288.399507,43.0,,,
26049.0,WISEA J173710.48+151653.0,9.925077836396199e-05,264.008676,15.0,,,
33117.0,WISEA J181617.50+372212.7,9.918914037795363e-05,274.698017,37.0,,,
33972.0,WISEA J192003.87+394346.5,9.891908965783748e-05,290.456631,40.0,,,
35525.0,WISEA J173156.21+454450.5,9.883522621428724e-05,263.316091,46.0,,,
27439.0,UGC 11337,9.874166916290444e-05,281.230548,19.0,,,
31939.0,WISEA J180425.94+324025.6,9.824376927860142e-05,271.68447,33.0,,,
35033.0,CGCG 229-009,9.795647394471194e-05,284.050597,44.0,,,
34779.0,WISEA J193026.47+424950.7,9.795446109324504e-05,292.501489,43.0,,,
34494.0,WISEA J173522.28+413718.0,9.76970308583379e-05,264.387978,42.0,,,
32833.0,NGC 6688,9.749927891833771e-05,280.531519,36.0,,,
32834.0,WISEA J184658.05+354009.6,9.717035321114923e-05,281.767587,36.0,,,
25007.0,WISEA J180652.30+122547.1,9.682787514001156e-05,271.635296,12.0,,,
26753.0,WISEA J182950.67+165233.1,9.654510236613693e-05,277.92353,17.0,,,
26048.0,WISEA J173029.41+144812.8,9.65403584353746e-05,262.973399,15.0,,,
26061.0,WISEA J182654.29+152331.8,9.60347362898568e-05,276.43199,15.0,,,
29745.0,WISEA J173703.18+262458.9,9.578381341793678e-05,263.921026,26.0,,,
36718.0,WISEA J180710.38+503213.5,9.573472346580554e-05,272.173757,51.0,,,
33950.0,WISEA J172506.97+393159.2,9.564459765973665e-05,261.73767,40.0,,,
35772.0,WISEA J173522.11+471850.4,9.56114381837315e-05,263.169295,47.0,,,
32531.0,WISEA J175350.27+343719.9,9.540546126430857e-05,268.356995,35.0,,,
25715.0,WISEA J183804.54+141720.1,9.520663475898712e-05,279.279222,14.0,,,
31008.0,CGCG 169-052,9.496200539773184e-05,257.2067,30.0,,,
29417.0,WISEA J172057.06+245452.5,9.491681153838274e-05,259.726794,25.0,,,
33114.0,WISEA J180348.68+365243.0,9.488360640674657e-05,270.94161,37.0,,,
35780.0,WISEA J182156.53+464140.4,9.437573576490133e-05,274.899529,47.0,,,
30397.0,WISEA J182705.35+275703.0,9.41328280668194e-05,277.291427,28.0,,,
34758.0,WISEA J173238.08+424933.2,9.398152513942014e-05,263.787613,43.0,,,
31031.0,WISEA J185346.89+302032.8,9.396419521432583e-05,283.764812,30.0,,,
30073.0,WISEA J180202.36+272126.4,9.36706697060879e-05,270.805044,27.0,,,
33692.0,WISEA J190530.91+392232.2,9.364184543648873e-05,286.172243,39.0,,,
27097.0,WISEA J183811.86+180334.5,9.359664306289467e-05,279.509654,18.0,,,
30378.0,WISEA J170509.12+282811.0,9.331977345720039e-05,255.772596,28.0,,,
35297.0,WISEA J194306.85+445500.8,9.306586172880549e-05,296.247596,45.0,,,
36259.0,WISEA J181836.02+491321.1,9.287877250195432e-05,274.073625,49.0,,,
29749.0,WISEA J175250.05+254356.6,9.278204996304902e-05,268.371433,26.0,,,
30386.0,WISEA J173731.51+280632.9,9.277648643595289e-05,264.833157,28.0,,,
28428.0,WISEA J171613.46+215432.0,9.277192580236047e-05,259.045062,22.0,,,
33674.0,WISEA J173205.85+383827.8,9.27293562712927e-05,263.010571,39.0,,,
33976.0,WISEA J194300.06+401210.1,9.264225261101983e-05,295.67826,40.0,,,
30713.0,WISEA J183205.28+285354.6,9.246668351623507e-05,277.454426,29.0,,,
25003.0,WISEA J174931.82+115633.9,9.222169118095917e-05,267.545934,12.0,,,
30710.0,WISEA J181748.97+285904.2,9.20452912385445e-05,274.024364,29.0,,,
27761.0,WISEA J173614.37+202420.1,9.199651650313578e-05,263.831279,20.0,,,
28758.0,WISEA J171021.01+224730.2,9.193919551775946e-05,257.294089,23.0,,,
34233.0,WISEA J182017.21+405744.8,9.148384081347676e-05,275.137412,41.0,,,
35019.0,WISEA J174043.08+441656.9,9.132774603404902e-05,264.588307,44.0,,,
30719.0,WISEA J185740.69+292423.7,9.084353722609549e-05,284.31455,29.0,,,
36255.0,WISEA J174957.26+491115.7,9.074144229342269e-05,267.976612,49.0,,,
35030.0,WISEA J184110.46+435233.8,9.068517930088956e-05,279.880106,44.0,,,
31326.0,WISEA J174448.25+313020.7,9.051295946189202e-05,266.197487,31.0,,,
28445.0,WISEA J182858.26+214953.8,9.036163449563614e-05,277.380153,22.0,,,
32823.0,WISEA J175114.73+363410.0,8.997855924712911e-05,268.17084,36.0,,,
33694.0,WISEA J191607.76+384910.7,8.98481497023041e-05,288.745762,39.0,,,
35275.0,WISEA J173821.34+443524.7,8.979645828431433e-05,265.134898,45.0,,,
33691.0,WISEA J185757.40+382959.0,8.95964519878667e-05,284.885484,39.0,,,
31013.0,LCSB S2341P,8.917999864813978e-05,262.980203,30.0,,,
33673.0,WISEA J172922.61+390741.6,8.912628588611685e-05,261.723811,39.0,,,
34523.0,WISEA J201130.49+420926.3,8.885341785648223e-05,303.411327,42.0,,,
36025.0,MCG +08-34-010,8.879263168319838e-05,279.280375,48.0,,,
36263.0,WISEA J184103.90+483214.2,8.849248232666551e-05,280.170637,49.0,,,
28761.0,WISEA J172100.55+231224.4,8.833410088401642e-05,260.55317,23.0,,,
27762.0,WISEA J174112.35+195437.1,8.805227451708688e-05,264.895457,20.0,,,
35286.0,WISEA J184159.70+445918.4,8.799698196873314e-05,280.691247,45.0,,,
25363.0,WISEA J182516.14+125311.8,8.791501610966483e-05,276.413138,13.0,,,
34783.0,WISEA J194954.66+423000.4,8.755225400584684e-05,297.970799,43.0,,,
34760.0,2MFGC 14041,8.706473153428327e-05,266.522268,43.0,,,
33699.0,WISEA J193907.93+391644.7,8.695236818090637e-05,295.17956,39.0,,,
31927.0,UGC 10733,8.63720923652731e-05,257.37611,33.0,,,
29742.0,WISEA J172347.56+260026.5,8.604747426770834e-05,260.58322,26.0,,,
33110.0,NGC 6433,8.599979251756113e-05,265.933068,37.0,,,
34510.0,WISEA J190617.22+413657.1,8.598568629591117e-05,285.918101,42.0,,,
35775.0,WISEA J175128.00+470401.6,8.58160065825957e-05,267.568133,47.0,,,
36254.0,WISEA J174612.44+490323.0,8.536468908236778e-05,266.452359,49.0,,,
31333.0,WISEA J181751.40+310415.1,8.525198355378775e-05,274.363921,31.0,,,
32526.0,UGC 10885,8.484382430864122e-05,262.253122,35.0,,,
34238.0,WISEA J184506.44+403946.9,8.473055523600113e-05,281.762477,41.0,,,
31330.0,WISEA J180501.97+304259.5,8.464893462699494e-05,270.86402,31.0,,,
33959.0,WISEA J181526.01+393008.9,8.447999798234316e-05,273.486336,40.0,,,
35524.0,WISEA J172936.30+454353.3,8.436042718506816e-05,261.876534,46.0,,,
33964.0,WISEA J184002.59+393113.8,8.426836397905306e-05,280.013373,40.0,,,
33393.0,WISEA J173612.20+374150.3,8.421399171311908e-05,263.430026,38.0,,,
35789.0,WISEA J191506.74+470215.9,8.407521137755909e-05,288.096042,47.0,,,
28099.0,WISEA J174200.62+205707.7,8.40684101959523e-05,265.624692,21.0,,,
25703.0,WISEA J174729.72+140749.0,8.389059710139635e-05,266.911858,14.0,,,
29098.0,CGCG 141-022,8.357823568832474e-05,268.578433,24.0,,,
33949.0,WISEA J171932.75+401607.8,8.357547833412635e-05,260.432263,40.0,,,
24305.0,WISEA J182046.31+094732.8,8.351357802881048e-05,275.614061,10.0,,,
36940.0,WISEA J175753.31+520538.2,8.320235022631077e-05,269.908262,52.0,,,
24653.0,WISEA J180043.67+103151.9,8.310415510104027e-05,269.943839,11.0,,,
32815.0,WISEA J171235.55+360244.2,8.283411318602975e-05,258.282296,36.0,,,
36026.0,WISEA J184207.77+473826.4,8.28054546250087e-05,280.774851,48.0,,,
25698.0,WISEA J172653.93+142210.8,8.239929510934994e-05,261.75879,14.0,,,
35273.0,WISEA J173115.88+443541.5,8.21350779323478e-05,262.306471,45.0,,,
25367.0,WISEA J184257.46+123613.7,8.212892980180774e-05,280.518354,13.0,,,
34223.0,WISEA J172635.74+404518.8,8.212519698409958e-05,261.887282,41.0,,,
32825.0,WISEA J180103.31+354019.0,8.193045785858629e-05,270.642975,36.0,,,
23948.0,WISEA J181225.45+092102.7,8.188889080972722e-05,273.505056,9.0,,,
34764.0,WISEA J180726.77+422904.3,8.174221607021192e-05,271.991577,43.0,,,
24301.0,WISEA J180540.11+103433.1,8.167730408789371e-05,271.552354,10.0,,,
34518.0,WISEA J194708.70+420214.4,8.104855873799728e-05,296.683163,42.0,,,
34491.0,UGC 10820,8.097869931997897e-05,260.35108,42.0,,,
36944.0,WISEA J182747.24+515754.6,8.092084991424813e-05,276.405339,52.0,,,
31625.0,CGCG 169-053,8.077126822258442e-05,258.116107,32.0,,,
33681.0,WISEA J181020.90+384826.9,8.044357322781647e-05,272.017888,39.0,,,
35544.0,WISEA J192204.04+462106.5,8.033720965012696e-05,290.667665,46.0,,,
25351.0,WISEA J173549.80+130040.5,8.027190475178128e-05,264.097488,13.0,,,
25010.0,WISEA J181856.11+121958.8,7.983663862986802e-05,274.702318,12.0,,,
25352.0,CGCG 083-017,7.959295045261152e-05,265.123793,13.0,,,
25362.0,WISEA J182238.74+131221.7,7.954501122273799e-05,275.386834,13.0,,,
31007.0,2MFGC 13646,7.947586243516329e-05,256.052,30.0,,,
28765.0,CGCG 140-056 NED02,7.941678273252933e-05,264.898612,23.0,,,
31016.0,WISEA J174523.51+302035.8,7.906571569576458e-05,266.444304,30.0,,,
34250.0,WISEA J194908.74+410642.2,7.90488961610486e-05,297.662633,41.0,,,
29430.0,UGC 11179,7.904643830761799e-05,274.070707,25.0,,,
25349.0,WISEA J173006.66+124321.9,7.89662928154727e-05,262.04488,13.0,,,
30401.0,WISEA J184717.03+273330.5,7.892904584103483e-05,281.821707,28.0,,,
35034.0,WISEA J190037.34+434328.0,7.86519197636087e-05,285.44076,44.0,,,
29423.0,WISEA J174711.60+252340.5,7.853972812651869e-05,266.347062,25.0,,,
37161.0,UGC 11213,7.842657733140768e-05,275.062012,53.0,,,
31635.0,WISEA J175821.44+314321.5,7.839735660356894e-05,269.907891,32.0,,,
28113.0,WISEA J184047.33+205005.3,7.808854688569297e-05,280.620721,21.0,,,
34221.0,CGCG 225-094,7.785496180977728e-05,259.237256,41.0,,,
32532.0,WISEA J175619.12+345705.4,7.77416212043182e-05,269.577769,35.0,,,
37159.0,WISEA J180829.10+530447.4,7.767366230988021e-05,271.738732,53.0,,,
34249.0,WISEA J194356.36+412456.5,7.734477802452478e-05,296.33762,41.0,,,
30716.0,WISEA J184405.40+284347.5,7.730463889675719e-05,280.884488,29.0,,,
31646.0,WISEA J185209.08+321241.1,7.729695549390242e-05,282.878853,32.0,,,
32523.0,WISEA J171455.01+353113.6,7.663695420294463e-05,258.590798,35.0,,,
29415.0,WISEA J170933.94+251413.0,7.65857679721899e-05,257.520039,25.0,,,
28764.0,CGCG 140-044,7.633076204873557e-05,263.812251,23.0,,,
30076.0,WISEA J181623.91+273044.5,7.619866888105916e-05,274.172023,27.0,,,
28447.0,WISEA J183809.58+220037.3,7.609196754369826e-05,279.537222,22.0,,,
30702.0,WISEA J174117.96+285125.4,7.606590929800783e-05,264.877531,29.0,,,
30380.0,CGCG 169-054,7.591875511204786e-05,258.037736,28.0,,,
29437.0,WISEA J184757.88+251215.7,7.571296946817782e-05,281.794353,25.0,,,
29434.0,WISEA J183440.73+245431.0,7.566640272327948e-05,278.484219,25.0,,,
33971.0,UGC 11418,7.5348531066687e-05,289.151224,40.0,,,
35021.0,WISEA J175154.44+435621.7,7.436299329433908e-05,267.368634,44.0,,,
34253.0,WISEA J200439.83+404018.3,7.41106403405671e-05,301.637672,41.0,,,
35528.0,WISEA J175025.87+462522.1,7.404169225218397e-05,267.634761,46.0,,,
27091.0,WISEA J181044.99+174440.0,7.373023239945892e-05,273.20088,18.0,,,
31637.0,WISEA J180723.32+314050.7,7.371000864577629e-05,272.266248,32.0,,,
35788.0,WISEA J190426.13+472944.1,7.331328693687826e-05,286.629762,47.0,,,
33391.0,NGC 6367,7.324958932875248e-05,260.891989,38.0,,,
25011.0,WISEA J182128.13+121254.2,7.320165242235768e-05,275.724659,12.0,,,
35785.0,2MFGC 14576,7.309634601980491e-05,282.230925,47.0,,,
31624.0,2MFGC 13705,7.241053374188651e-05,256.936929,32.0,,,
34236.0,WISEA J183632.31+405745.6,7.212465740921575e-05,279.112451,41.0,,,
33693.0,WISEA J190948.81+391051.9,7.198395971163283e-05,287.459003,39.0,,,
33390.0,WISEA J171607.91+382344.2,7.13633341822952e-05,259.622971,38.0,,,
35035.0,WISEA J190634.98+441428.7,7.122396200631889e-05,286.830924,44.0,,,
30718.0,CGCG 173-028,7.112794355244604e-05,283.171196,29.0,,,
31318.0,UGC 10715,7.098849478440806e-05,256.86442,31.0,,,
29107.0,WISEA J183344.26+241833.1,7.071493457413716e-05,278.430159,24.0,,,
30065.0,WISEA J172641.94+271212.8,7.065429542208652e-05,261.826434,27.0,,,
33122.0,WISEA J184436.26+365610.3,7.003303616214424e-05,280.958696,37.0,,,
35295.0,WISEA J193524.47+444541.7,6.998962251827353e-05,293.419169,45.0,,,
25699.0,WISEA J172933.47+140959.7,6.997733026605739e-05,262.789404,14.0,,,
35041.0,WISEA J193828.65+441020.8,6.982191880405066e-05,295.171906,44.0,,,
26755.0,CGCG 114-025,6.974784802403398e-05,280.014914,17.0,,,
25355.0,WISEA J175209.13+131403.8,6.968792779302524e-05,268.202705,13.0,,,
36497.0,CGCG 255-016,6.965302484143444e-05,282.322313,50.0,,,
24300.0,WISEA J180410.24+101151.2,6.958071148450267e-05,270.536928,10.0,,,
32522.0,WISEA J170934.79+352046.7,6.949594423404558e-05,257.370023,35.0,,,
35550.0,WISEA J195828.31+461837.0,6.930843252209169e-05,299.305004,46.0,,,
27431.0,CGCG 113-025,6.922549919044807e-05,272.769583,19.0,,,
32817.0,WISEA J172057.76+361643.2,6.891607765172258e-05,260.754432,36.0,,,
31632.0,WISEA J174715.41+321828.2,6.870818370552445e-05,266.370356,32.0,,,
34786.0,WISEA J200713.83+431129.9,6.870749554685906e-05,302.072782,43.0,,,
36266.0,WISEA J185856.10+483826.5,6.866372092852118e-05,284.743396,49.0,,,
34774.0,WISEA J190041.38+424247.0,6.760072578211684e-05,285.664852,43.0,,,
25707.0,WISEA J180223.09+142607.8,6.739804941804864e-05,271.034313,14.0,,,
35282.0,WISEA J181939.53+450756.9,6.724610833611818e-05,275.034393,45.0,,,
27417.0,WISEA J171315.50+185719.8,6.705501549953778e-05,257.962893,19.0,,,
24303.0,CGCG 084-029,6.696681534038637e-05,273.583208,10.0,,,
32250.0,UGC 11397,6.695423304246511e-05,285.864452,34.0,,,
25353.0,WISEA J174636.32+125044.8,6.68984169864032e-05,266.150097,13.0,,,
32237.0,UGC 11076,6.640409903709195e-05,270.183619,34.0,,,
32232.0,WISEA J173614.32+333149.4,6.622986021948456e-05,264.152529,34.0,,,
35020.0,CGCG 226-038,6.611900278246663e-05,265.97847,44.0,,,
31928.0,WISEA J171616.48+331338.5,6.591333864305283e-05,258.568474,33.0,,,
24655.0,WISEA J180845.52+110539.9,6.572477840789002e-05,271.981272,11.0,,,
23594.0,WISEA J181944.22+081741.1,6.563060929504344e-05,275.222918,8.0,,,
30402.0,WISEA J185124.32+272857.6,6.545935898833314e-05,282.954278,28.0,,,
25717.0,2MFGC 14573,6.54254025999469e-05,281.340449,14.0,,,
24307.0,WISEA J183128.55+102947.8,6.501758876530472e-05,277.644914,10.0,,,
36946.0,WISEA J183816.84+513225.5,6.445883396373178e-05,279.653878,52.0,,,
36032.0,WISEA J192117.41+472845.2,6.437545004720124e-05,289.741711,48.0,,,
34784.0,WISEA J195839.57+424202.8,6.364812204726967e-05,299.338127,43.0,,,
28781.0,WISEA J184812.84+231432.2,6.350119050314894e-05,282.280378,23.0,,,
28091.0,WISEA J170838.46+210659.0,6.344987824819351e-05,257.055532,21.0,,,
32840.0,CGCG 202-006,6.330026077917205e-05,289.183995,36.0,,,
33975.0,WISEA J193645.43+402530.8,6.310139361170573e-05,294.372853,40.0,,,
24296.0,WISEA J174711.20+100649.8,6.303441983724493e-05,266.475221,10.0,,,
30721.0,UGC 11404,6.303016812909551e-05,286.601258,29.0,,,
32227.0,WISEA J171158.11+335725.1,6.288019996834568e-05,258.121439,34.0,,,
34522.0,WISEA J200549.17+421128.6,6.287128423548605e-05,302.065694,42.0,,,
36487.0,WISEA J174434.82+493518.7,6.281585017023315e-05,266.765075,50.0,,,
32826.0,WISEA J180943.75+361855.4,6.267506708628804e-05,271.879043,36.0,,,
29762.0,UGC 11368,6.263445644935825e-05,282.835259,26.0,,,
25002.0,WISEA J174606.28+122348.3,6.261524063519739e-05,266.523593,12.0,,,
31011.0,WISEA J172438.86+295435.0,6.222563179934182e-05,260.670802,30.0,,,
26412.0,WISEA J184708.45+155601.7,6.213087533085671e-05,281.841505,16.0,,,
34521.0,WISEA J200437.08+421901.0,6.156463035359801e-05,300.720061,42.0,,,
32829.0,WISEA J182349.06+355017.6,6.127162175353733e-05,275.587247,36.0,,,
28095.0,CGCG 140-018,6.059629253992386e-05,261.340112,21.0,,,
26046.0,WISEA J172303.22+145622.8,6.0355551027969897e-05,260.902847,15.0,,,
25012.0,WISEA J182728.13+114507.5,6.0309303006463e-05,276.746999,12.0,,,
34780.0,2MFGC 14992,6.029839852176045e-05,293.868817,43.0,,,
35777.0,WISEA J180450.40+463447.6,5.9689166680646957e-05,270.500691,47.0,,,
29431.0,WISEA J182210.21+250526.9,5.968707581924197e-05,275.174085,25.0,,,
27098.0,WISEA J184306.45+183106.0,5.953759721564128e-05,280.561116,18.0,,,
33115.0,WISEA J180755.00+370934.7,5.855562846465351e-05,272.193746,37.0,,,
27774.0,WISEA J183136.17+201934.1,5.84220986196809e-05,277.66559,20.0,,,
33127.0,WISEA J190947.01+370342.5,5.8352069452993195e-05,287.219374,37.0,,,
33104.0,WISEA J171414.41+362906.7,5.811309322372533e-05,258.420254,37.0,,,
25018.0,WISEA J185159.46+115233.8,5.74835228060622e-05,282.881043,12.0,,,
33126.0,WISEA J190448.47+364040.1,5.7427946989500405e-05,285.967238,37.0,,,
33412.0,UGC 11409,5.7187261124783105e-05,287.541372,38.0,,,
36945.0,UGC 11255,5.696482146632539e-05,278.029609,52.0,,,
29759.0,NGC 6671,5.655376916374144e-05,279.497453,26.0,,,
34246.0,WISEA J192654.98+412437.9,5.6323353074646135e-05,292.362581,41.0,,,
37157.0,WISEA J175208.94+523902.7,5.522700299591925e-05,268.415451,53.0,,,
31012.0,WISEA J172736.08+294843.6,5.4882112673068576e-05,261.825502,30.0,,,
33411.0,WISEA J190448.59+382651.7,5.443046776068061e-05,286.272354,38.0,,,
33414.0,WISEA J191942.62+382851.5,5.357970015732967e-05,290.079408,38.0,,,
23952.0,WISEA J183050.63+092842.0,5.3426450970062996e-05,277.554917,9.0,,,
36939.0,CGCG 278-038,5.336540362501251e-05,268.283993,52.0,,,
26392.0,WISEA J172613.05+154545.5,5.3364451237588296e-05,261.035517,16.0,,,
31029.0,WISEA J184604.15+293056.8,5.312813082606313e-05,281.455411,30.0,,,
32543.0,WISEA J185105.89+351331.5,5.144385361590404e-05,283.00629,35.0,,,
25000.0,WISEA J173824.68+114753.9,5.136988197650171e-05,264.478912,12.0,,,
31327.0,WISEA J174713.89+303724.0,5.114355856707605e-05,267.36412,31.0,,,
35535.0,WISEA J182832.58+463133.8,4.996185406708489e-05,277.711656,46.0,,,
26751.0,WISEA J182124.86+163751.4,4.9896328517031115e-05,275.832147,17.0,,,
29760.0,WISEA J184139.40+261711.6,4.95991033877442e-05,280.610055,26.0,,,
31323.0,WISEA J172946.40+305221.9,4.926708017757789e-05,262.697587,31.0,,,
26737.0,WISEA J172456.05+164651.0,4.8669414026767424e-05,261.192462,17.0,,,
35276.0,CGCG 253-035,4.856428070560056e-05,266.549111,45.0,,,
37162.0,MCG +09-30-013,4.84322475305526e-05,276.723652,53.0,,,
32226.0,CGCG 198-013,4.8305574173690146e-05,256.915222,34.0,,,
24297.0,WISEA J174956.17+102421.9,4.728020040463002e-05,267.490648,10.0,,,
29108.0,WISEA J183804.54+242934.7,4.696177005078223e-05,279.524796,24.0,,,
33973.0,WISEA J192857.70+395904.9,4.645891427331484e-05,291.762038,40.0,,,
31931.0,WISEA J173015.41+330544.0,4.615638460634018e-05,262.145564,33.0,,,
25368.0,WISEA J184435.54+130243.7,4.4751462559183975e-05,281.544658,13.0,,,
31926.0,UGC 10698,4.4116256195509044e-05,256.183747,33.0,,,
30720.0,NGC 6740,4.3826461180845584e-05,285.457904,29.0,,,
31631.0,WISEA J174222.95+320933.2,4.373071674478268e-05,265.191177,32.0,,,
31930.0,WISEA J172300.36+332041.9,4.1829540759531265e-05,260.9532,33.0,,,
25016.0,WISEA J184431.34+122151.5,4.1154771880000766e-05,280.836362,12.0,,,
27079.0,CGCG 111-026,4.1105742659093755e-05,260.583334,18.0,,,
29436.0,WISEA J184305.56+251508.0,4.089718384437754e-05,280.690975,25.0,,,
29435.0,NGC 6674,4.0261731182888575e-05,279.587597,25.0,,,
31026.0,WISEA J183105.37+295457.9,3.977113401636328e-05,277.99131,30.0,,,
36717.0,WISEA J180132.55+512211.9,3.9715313123579076e-05,270.584741,51.0,,,
26756.0,WISEA J184354.05+173325.7,3.9599511814925245e-05,281.060606,17.0,,,
30384.0,CGCG 170-036 NED01,3.9487330060394356e-05,262.568017,28.0,,,
26066.0,WISEA J184829.14+145356.4,3.938796626516118e-05,281.608371,15.0,,,
26738.0,WISEA J172852.67+173145.7,3.931335372922631e-05,262.238154,17.0,,,
34244.0,WISEA J191840.18+410811.4,3.930354339501264e-05,289.712555,41.0,,,
31010.0,UGC 10799,3.910301781797885e-05,259.516101,30.0,,,
30066.0,CGCG 140-043,3.907784642114294e-05,262.948761,27.0,,,
25697.0,CGCG 082-025,3.88802427469699e-05,260.728177,14.0,,,
35548.0,WISEA J194251.07+455408.0,3.8185488710531564e-05,296.425891,46.0,,,
32838.0,WISEA J190501.37+362224.4,3.7426548592778576e-05,286.711859,36.0,,,
30060.0,WISEA J170531.20+270009.2,3.711726330145726e-05,256.214803,27.0,,,
25366.0,WISEA J183930.45+131600.9,3.706011288148721e-05,279.49205,13.0,,,
24304.0,WISEA J181820.01+102556.6,3.704923174641833e-05,274.598634,10.0,,,
32524.0,WISEA J172102.13+343919.4,3.6736379339277365e-05,259.811572,35.0,,,
24647.0,WISEA J173717.62+110934.0,3.655434101682477e-05,263.831538,11.0,,,
30069.0,WISEA J174642.09+264807.8,3.555944493509452e-05,266.315739,27.0,,,
23239.0,WISEA J182859.73+064827.2,3.5077794458473844e-05,276.801125,7.0,,,
33696.0,WISEA J192335.07+391833.2,3.481906634958976e-05,291.319281,39.0,,,
33420.0,WISEA J194940.46+381534.4,3.449034381171748e-05,297.693518,38.0,,,
24649.0,CGCG 083-018,3.4318889919958436e-05,265.868972,11.0,,,
36714.0,WISEA J174620.24+504551.8,3.427708217642761e-05,265.817694,51.0,,,
31028.0,WISEA J184122.05+300131.9,3.411292150390517e-05,280.300711,30.0,,,
24658.0,WISEA J182157.83+110042.4,3.2582744821166874e-05,275.037422,11.0,,,
34785.0,2MFGC 15272,3.251768888490914e-05,300.705454,43.0,,,
29439.0,UGC 11379,3.226673625123956e-05,284.001109,25.0,,,
31317.0,CGCG 169-038,3.095468396462286e-05,255.697786,31.0,,,
33968.0,WISEA J190055.77+401352.4,3.0596745933230247e-05,285.235002,40.0,,,
34247.0,WISEA J193215.32+405339.4,3.0451985463177244e-05,293.687594,41.0,,,
24664.0,2MFGC 14567,3.0340075535825706e-05,281.149722,11.0,,,
23950.0,WISEA J182055.70+090826.2,2.9546086712047358e-05,275.529986,9.0,,,
29741.0,WISEA J171658.95+262032.4,2.948520508506137e-05,259.470618,26.0,,,
34245.0,WISEA J192500.70+404603.3,2.8899509254196063e-05,291.037568,41.0,,,
27441.0,WISEA J185141.73+183937.1,2.889021633737496e-05,283.34579,19.0,,,
31626.0,UGC 10781,2.7778170225573347e-05,259.295285,32.0,,,
24650.0,WISEA J174919.44+105942.3,2.776259451898432e-05,266.887689,11.0,,,
35791.0,WISEA J192204.15+465722.5,2.7742129100318668e-05,291.0286,47.0,,,
27101.0,WISEA J185656.55+175743.7,2.732063797234548e-05,283.715503,18.0,,,
33103.0,WISEA J170949.90+371552.9,2.7294715308293527e-05,257.168118,37.0,,,
26413.0,2MFGC 14610,2.702994848711856e-05,282.881805,16.0,,,
27100.0,2MFGC 14598,2.6704511906515817e-05,282.66404,18.0,,,
30701.0,WISEA J173344.73+292638.6,2.6404969868311374e-05,263.734177,29.0,,,
27772.0,WISEA J182342.75+194233.4,2.613050931035794e-05,275.537235,20.0,,,
36486.0,WISEA J174119.82+493201.6,2.5824717302619607e-05,265.209351,50.0,,,
30717.0,WISEA J185010.41+291539.8,2.535385189599238e-05,282.027842,29.0,,,
33978.0,WISEA J195440.13+402122.4,2.5188921458663028e-05,298.289075,40.0,,,
32836.0,WISEA J185711.37+360308.3,2.516651124999472e-05,284.239723,36.0,,,
23951.0,WISEA J182750.57+083730.7,2.4845943179345284e-05,276.542451,9.0,,,
23598.0,WISEA J183611.54+080048.7,2.462033670464553e-05,279.262228,8.0,,,
30085.0,WISEA J185742.92+265300.4,2.3635760841164265e-05,284.272959,27.0,,,
30077.0,WISEA J182207.79+263710.0,2.3527053040530837e-05,275.294349,27.0,,,
31030.0,WISEA J184942.66+300617.5,2.220319333764211e-05,282.610112,30.0,,,
34252.0,WISEA J200239.73+404816.6,2.1842946117144324e-05,300.312659,41.0,,,
31342.0,WISEA J185726.77+303704.3,2.1758424960560225e-05,284.863621,31.0,,,
32249.0,WISEA J190029.55+342238.2,2.1699844013210745e-05,284.658234,34.0,,,
29111.0,UGC 11369,2.16308062634327e-05,282.808704,24.0,,,
33697.0,WISEA J193152.07+391125.1,2.1360305241749193e-05,292.606041,39.0,,,
31951.0,WISEA J190403.54+332946.0,2.0522388440083126e-05,285.99283,33.0,,,
27781.0,UGC 11385,2.016856906085509e-05,285.114835,20.0,,,
23947.0,WISEA J180809.42+092246.9,1.988215148390075e-05,272.492591,9.0,,,
26403.0,WISEA J181046.81+161048.4,1.9703505483252807e-05,272.478811,16.0,,,
33417.0,WISEA J193329.78+382238.6,1.964025654771935e-05,293.886463,38.0,,,
32248.0,WISEA J185308.26+333340.2,1.930406566763982e-05,283.452016,34.0,,,
27438.0,WISEA J183850.99+192220.3,1.873750080502054e-05,280.172927,19.0,,,
27099.0,WISEA J184732.64+181513.1,1.7442069693202185e-05,281.612578,18.0,,,
24662.0,UGC 11293,1.7300767000861604e-05,279.112289,11.0,,,
36938.0,CGCG 278-029,1.724618246680274e-05,266.659724,52.0,,,
25014.0,WISEA J183615.76+113415.5,1.68374969062438e-05,278.791681,12.0,,,
29088.0,WISEA J171021.38+242616.3,1.6818362074158294e-05,257.63207,24.0,,,
35274.0,WISEA J173458.97+451631.1,1.681376650970799e-05,263.720684,45.0,,,
31949.0,WISEA J185502.53+330453.4,1.6434366358692937e-05,283.608103,33.0,,,
24299.0,WISEA J175926.64+101357.3,1.6251953273854945e-05,269.521501,10.0,,,
24308.0,WISEA J183627.79+102045.9,1.5936292821261086e-05,278.660341,10.0,,,
26067.0,WISEA J184943.43+150205.2,1.5553107246389525e-05,282.643647,15.0,,,
23595.0,WISEA J182321.07+074311.9,1.5369032825658073e-05,276.232746,8.0,,,
24999.0,WISEA J173330.02+115417.6,1.5312170762080744e-05,263.456572,12.0,,,
24302.0,WISEA J181205.44+101814.3,1.5091523929271551e-05,272.567781,10.0,,,
23241.0,WISEA J183427.60+072947.0,1.49289862330771e-05,278.816144,7.0,,,
35044.0,KIC 007986325,1.4135268414844895e-05,299.342396,44.0,,,
33129.0,CGCG 202-008,1.3216767662780459e-05,289.723645,37.0,,,
30694.0,WISEA J170507.94+284551.8,1.307863602346717e-05,255.730699,29.0,,,
31647.0,WISEA J185815.08+313816.9,1.2738035331166316e-05,284.058032,32.0,,,
24663.0,WISEA J183937.50+103720.1,1.2632762290920762e-05,280.131006,11.0,,,
26414.0,WISEA J185354.63+162508.2,1.2029529204528052e-05,283.922104,16.0,,,
33418.0,WISEA J194008.47+383002.3,1.1898877442343859e-05,295.155481,38.0,,,
33416.0,WISEA J192815.60+381436.6,1.1304280703853442e-05,292.617445,38.0,,,
33130.0,WISEA J192209.23+364351.0,1.0635144654452264e-05,290.975781,37.0,,,
35794.0,WISEA J194249.32+464551.5,1.0308952900460963e-05,295.427438,47.0,,,
31341.0,CGCG 173-029,1.0232724030777606e-05,283.696988,31.0,,,
30063.0,WISEA J171811.32+265628.3,1.0209750654925179e-05,259.581782,27.0,,,
33128.0,WISEA J191535.78+365037.5,9.614296838109482e-06,288.47151,37.0,,,
35043.0,WISEA J195053.03+434443.1,9.557577804764943e-06,297.952233,44.0,,,
29438.0,WISEA J185321.84+250158.4,8.564604929935498e-06,282.897731,25.0,,,
26748.0,WISEA J180932.72+170000.4,7.727758006124798e-06,272.695072,17.0,,,
35296.0,WISEA J193844.57+443304.7,7.656230608481102e-06,294.833383,45.0,,,
27778.0,WISEA J184801.25+202047.0,7.13157255261386e-06,281.922302,20.0,,,
33415.0,WISEA J192344.41+381803.4,6.109595736483319e-06,291.348427,38.0,,,
30403.0,WISEA J185733.63+273236.0,6.040863680537607e-06,284.086848,28.0,,,
33702.0,WISEA J195606.69+383911.7,4.615901929858117e-06,299.039839,39.0,,,
27102.0,WISEA J185703.19+175154.5,3.2487837426564584e-06,284.766965,18.0,,,
31032.0,WISEA J185956.16+302810.9,3.2373550927853595e-06,284.919513,30.0,,,
31649.0,WISEA J190622.12+312725.6,2.68191607086643e-06,286.416389,32.0,,,
23237.0,WISEA J181809.41+072737.1,2.471407377980654e-06,274.786105,7.0,,,
29764.0,WISEA J185855.50+255702.1,2.1927745755041894e-06,285.060462,26.0,,,
29114.0,WISEA J190431.59+240805.7,8.142468695312995e-08,286.092613,24.0,,,
34230.0,2MASX J18033506+4124257,,271.162373,41.0,,,
22882.0,2MASX J18290496+0633108,,277.200693,6.0,,,
28116.0,2MASX J18554204+2050585,,283.834156,21.0,,,
24661.0,CGMW 5-04913,,278.093572,11.0,,,
23596.0,2MASX J18271610+0743552,,277.242573,8.0,,,
22883.0,HIPASS J1832+06,,278.206201,6.0,,,
30404.0,LDCE 1325,,285.219418,28.0,,,
23955.0,ALFAZOA J1841+0912,,280.592312,9.0,,,
26411.0,ALFAZOA J1844+1618,,280.801206,16.0,,,
28114.0,ALFAZOA J1845+2124,,281.691866,21.0,,,
26757.0,ALFAZOA J1848+1655,,282.106297,17.0,,,
27779.0,ALFAZOA J1851+1954,,282.986479,20.0,,,
28782.0,ALFAZOA J1852+2255,,283.366738,23.0,,,
27780.0,ALFAZOA J1854+1934,,284.050657,20.0,,,
26068.0,ALFAZOA J1855+1427,,283.678923,15.0,,,
29763.0,ALFAZOA J1857+2559,,283.94786,26.0,,,
31950.0,ALFAZOA J1859+3319,,284.800466,33.0,,,
28784.0,ALFAZOA J1900+2240,,285.539459,23.0,,,
30086.0,ALFAZOA J1901+2647,,285.395285,27.0,,,
31952.0,ALFAZOA J1907+3229,,287.185193,33.0,,,
32251.0,ALFAZOA J1910+3340,,287.07067,34.0,,,
